THEME,TITLE,ARTIST,YEAR,SPOTIFY_URL
Love,The_Look_of_Love,ABC,1982,http://open.spotify.com/track/78j3qTBdzcIiT3eS7XymoD
Love,The_Shining,Badly_Drawn_Boy,2000,http://open.spotify.com/track/2PojSoZ94AIzp7fsz6wtMt
Love,God_Only_Knows,The_Beach_Boys,1966,http://open.spotify.com/track/0ObrXLrfrqJUNc8RfmIBHP
Love,Good_Vibrations,The_Beach_Boys,1966,http://open.spotify.com/track/2oF7FZHIJbzjeEXZ3D0Ku4
Love,Wouldnâ€™t_It_Be_Nice,The_Beach_Boys,1966,http://open.spotify.com/track/0cx32rX0uZvcJUP92Wkj2y
Love,Eight_Days_a_Week,The_Beatles,1964,
Love,Girl,The_Beatles,1965,
Love,I_Want_to_Hold_Your_Hand,The_Beatles,1963,
Love,She_Loves_You,The_Beatles,1963,
Love,Something,The_Beatles,1969,
Love,With_a_Little_Help_from_MyÂ Friends,The_Beatles,1967,
Love,Song_for_Whoever,The_Beautiful_South,1989,http://open.spotify.com/track/7k00fu054zyIgHEpkq5rBL
Love,How_Deep_is_Your_Love?,The_Bee_Gees,1977,http://open.spotify.com/track/1gIKd24bixkgYzuxse32oR
Love,Sweet_Little_Sixteen,Chuck_Berry,1958,http://open.spotify.com/track/1fDfWFb1YmdRWu5JZ9yANo
Love,Crazy_in_Love,BeyoncÃ©,2003,http://open.spotify.com/track/5IVuqXILoxVWvWEPm82Jxr
Love,Thirteen,Big_Star,1972,
Love,Iâ€™ll_Take_Care_of_You,Bobby_â€œBlueâ€_Bland,1959,http://open.spotify.com/track/5vUitXO0fTxxS293NR51jA
Love,Heroes,David_Bowie,1977,http://open.spotify.com/track/1qyRX6xXvsmbxR6FEnVSv2
Love,The_Wedding_Song,David_Bowie,1993,http://open.spotify.com/track/0PUmT62MdJwmVf4sUjbHFW
Love,Sit_Down_I_Think_I_Love_You,Buffalo_Springfield,1966,http://open.spotify.com/track/70dh9SQ7pcNLn7QE5dbIiX
Love,Everybody_Needs_SomebodyÂ to_Love,Solomon_Burke,1964,http://open.spotify.com/track/66GhKP6S6KqYMHR7xtGPoX
Love,Mehbooba_Mehbooba,R_D_Burman,1975,
Love,Hounds_of_Love,Kate_Bush,1985,
Love,The_Man_With_the_Child_in_His_Eyes,Kate_Bush,1978,http://open.spotify.com/track/4xjVfArXNQRxAvsUpjmfMt
Love,The_Man_I_Love,Kate_Bush,1994,
Love,Love_Me_Forever,Carlton_and_the_Shoes,1968,
Love,The_Dark_End_of_the_Street,James_Carr,1967,
Love,I_Walk_the_Line,Johnny_Cash,1956,http://open.spotify.com/track/7wJepIHVDC88KzSyzNU1mA
Love,Deanna,Nick_Cave_and_the_Bad_Seeds,1988,http://open.spotify.com/track/0XWoG02DaQES7ATCrbjx8D
Love,I_Got_a_Woman,Ray_Charles,1954,http://open.spotify.com/track/2xar08Fq5xra2KKZs5Bw9j
Love,Stoned_Out_of_My_Mind,The_Chi-Lites,1973,http://open.spotify.com/track/3R35ltXFfFzAk5cCAKgZF8
Love,Thatâ€™s_How_Long,The_Chi-Lites,1974,
Love,Stay_Free,The_Clash,1978,
Love,Private_Number,Judy_Clay_and_William_Bell,1968,http://open.spotify.com/track/5AdCyD1APnK7Drt81MDciC
Love,Yellow,Coldplay,2000,http://open.spotify.com/track/3AJwUDP919kvQ9QcozQPxg
Love,Do_You_Love_Me?,The_Contours,1962,http://open.spotify.com/track/1nalk6Yqn0vRg8iiYlfeYd
Love,Cupid,Sam_Cooke,1961,http://open.spotify.com/track/37ublgs2E1IIASg1it0v3t
Love,Iâ€™m_in_the_Mood_Again,Elvis_Costello,2003,http://open.spotify.com/track/5HWC5PWLas7xQsjQPoeDpo
Love,Jack_of_All_Parades,Elvis_Costello_and_the_Attractions,1986,
Love,Then_He_Kissed_Me,The_Crystals,1963,http://open.spotify.com/track/6OoJfmP08PBCLic4JBztsJ
Love,Friday_Iâ€™m_in_Love,The_Cure,1992,http://open.spotify.com/track/6TaVUwd1GxmOcR337FZM75
Love,Pour_Some_Sugar_on_Me,Def_Leppard,1987,
Love,Born_to_Be_With_You,Dion,1975,
Love,A_Teenager_in_Love,Dion_&_the_Belmonts,1960,http://open.spotify.com/track/17iHLt9yQLLeBN3g1woXzB
Love,Blueberry_Hill,Fats_Domino,1956,http://open.spotify.com/track/25CTJ7xIrrWTHNtA7mq8Y6
Love,Girl_from_the_North_Country_,Bob_Dylan,1963,http://open.spotify.com/track/4OfkpX0bONH3eSHQilGDnA
Love,Visions_of_Johanna,Bob_Dylan,1966,http://open.spotify.com/track/0D0fyyNszdh2FZeUoiHJx1
Love,Wedding_Song,Bob_Dylan,1974,http://open.spotify.com/track/6O5MMLdfCMSohn7uvSLXqS
Love,One_Day_Like_This,Elbow,2008,http://open.spotify.com/track/6PS9nzG6GUSPbD2A1xGWbm
Love,Letâ€™s_Stick_Together,Bryan_Ferry,1976,http://open.spotify.com/track/47KlEDyoBmF5ulJu6qmcHo
Love,Evâ€™ry_Time_We_Say_Goodbye,Ella_Fitzgerald,1956,http://open.spotify.com/track/50KK7LxalUrWPtZxlhBJhn
Love,Killing_Me_Softly_With_HisÂ Song,Roberta_Flack,1973,http://open.spotify.com/track/60SJRvzXJnVeVfS4RiH14u
Love,I_Never_Loved_a_Man_(The_Way_I_Love_You),Aretha_Franklin,1967,http://open.spotify.com/track/0FE39WU0AcIcXdkMK0fxkr
Love,I_Say_A_Little_Prayer,Aretha_Franklin,1968,http://open.spotify.com/track/6bBwFPgVdWxuc4uWEyALCa
Love,The_Power_of_Love,Frankie_Goes_to_Hollywood,1984,http://open.spotify.com/track/2CUoxqW5bw2WOZPExmFvk1
Love,Itâ€™ll_All_Come_Around,Patsy_Gallant,1978,
Love,Zing!_Went_the_Strings_of_My_Heart,Judy_Garland,1939,http://open.spotify.com/track/2vIuGZHuGRqcydnsVFC7Vp
Love,Ainâ€™t_No_Mountain_High_Enough,Marvin_Gaye_And_Tammi_Terrell,1967,http://open.spotify.com/track/77g8V7P1MkfiPXe8Rkxm7y
Love,Youâ€™re_All_I_Need_to_Get_By,Marvin_Gaye_And_Tammi_Terrell,1968,http://open.spotify.com/track/6L7r59rN9s4mBSxZDiElTp
Love,The_Dutchman,Steve_Goodman,1973,http://open.spotify.com/track/7gSXNrDpUr5mMDThxS6Y6i
Love,Letâ€™s_Get_Married,Al_Green,1974,
Love,Letâ€™s_Stay_Together,Al_Green,1971,http://open.spotify.com/track/1r5ix6rRcET3TUdnDSZ9Oo
Love,Love_and_Happiness,Al_Green,1972,
Love,Sweet_Child_Oâ€™_Mine,Guns_Nâ€™_Roses,1987,http://open.spotify.com/track/5HzLcjDzlykkKC0rw2R6WJ
Love,Iâ€™m_Into_Something_Good,Hermanâ€™s_Hermits,1964,http://open.spotify.com/track/5tYLgBIbx3YVde84rRPNE9
Love,How_Will_I_Know,Whitney_Houston,1985,http://open.spotify.com/track/0xd9xioBzvbJ0KsqFUE1ob
Love,Iâ€™m_So_in_Love,Leroy_Hutson,1973,http://open.spotify.com/track/7yLQMOBHYEkFkFQcEoNEpR
Love,Iâ€™m_So_Proud,The_Impressions,1964,http://open.spotify.com/track/6mLycrS3LfCUERnOWm8luW
Love,Night_Nurse,Gregory_Isaacs,1982,http://open.spotify.com/track/2lPfcRMRLffiBTwLA9S8Vc
Love,Summer_Breeze,The_Isley_Brothers,1973,http://open.spotify.com/track/5tECQN3UPXULg4nzgkXM9r
Love,Are_You_Ready_For_Love,Elton_John,1979,http://open.spotify.com/track/6TNHLD7QyX5KxdYmNwwDA6
Love,La_Vie_En_Rose,Grace_Jones,1977,http://open.spotify.com/track/50SLOKltoko04YawlAjDeH
Love,No_One,Alicia_Keys,2007,http://open.spotify.com/track/1exNQxJp0tHfKe85qUpRJF
Love,Stand_By_Me,Ben_E_King,1961,http://open.spotify.com/track/2FVHVmsUOyNnhlwtFLjoMF
Love,You_Really_Got_Me,The_Kinks,1964,http://open.spotify.com/track/0yjEOL4g41q4rAqoguFF0s
Love,Constant_Craving,KD_Lang,1992,http://open.spotify.com/track/77NdXr1ANwNkMEtgBNS2ZD
Love,Elusive_Butterfly,Bob_Lind,1966,http://open.spotify.com/track/226EXK5tPVsqaZ2y9RACR0
Love,Is_This_Love?,Bob_Marley,1978,http://open.spotify.com/track/6wwxa6n8kSf3Bd0apxe0iy
Love,My_Love,Paul_McCartney_and_Wings,1973,http://open.spotify.com/track/5SL1Vx2h1ULwp1EKYKp1UN
Love,90%_of_Me_is_You,Gwen_McRae,1974,http://open.spotify.com/track/4dz8fFVtr8dPMqGThk5Cbs
Love,Angel_of_the_Morning,Merrilee_and_the_Turnabouts,1968,
Love,Canâ€™t_Get_You_Out_of_My_Head,Kylie_Minogue,2001,http://open.spotify.com/track/2HpWHLtZldOcDn5qzX8kb2
Love,Help_Me,Joni_Mitchell,1974,http://open.spotify.com/track/4gvV5Ib89fiwMtQ4biQQjd
Love,Madame_George,Van_Morrison,1968,http://open.spotify.com/track/0XGw1JFG1kE6rFi4rtvs7w
Love,Youâ€™ve_Got_a_Friend,Randy_Newman,1995,http://open.spotify.com/track/2O8YJmOg9lOgn5JNHF9Qi9
Love,Oh__Pretty_Woman,Roy_Orbison,1964,http://open.spotify.com/track/2DGXmZPZ07HnWkFj3AayR0
Love,Puppy_Love,Donny_Osmond,1972,http://open.spotify.com/track/3ABtW1kSCzKlJGGDYFH7GV
Love,She,Gram_Parsons,1973,http://open.spotify.com/track/0ik33iwk2do6Rf9rQs7e8X
Love,I_Will_Always_Love_You,Dolly_Parton,1974,http://open.spotify.com/track/1n3q9eF2qqOaWHBBQHLRXw
Love,Iâ€™m_in_Love,Wilson_Pickett,1967,http://open.spotify.com/track/4QDK12L3s53JECMOhx3mdh
Love,She_is_Beyond_Good_and_Evil,The_Pop_Group,1979,http://open.spotify.com/track/2A99HGtYXdCZKYrvPqzA6v
Love,Letâ€™s_Do_It__Letâ€™s_Fall_in_Love,Cole_Porter,1928,
Love,Canâ€™t_Help_Falling_in_Love,Elvis_Presley,1961,http://open.spotify.com/track/3Aw5RpV5q1zn66ck2jOQjs
Love,Love_Me_Tender,Elvis_Presley,1956,http://open.spotify.com/track/65An7RQuVbAipQIYhJu0YJ
Love,Iâ€™ll_Stand_By_You,The_Pretenders,1994,http://open.spotify.com/track/2bFG1ywgBAyZbJGMApTPfJ
Love,That_Old_Black_Magic,Louis_Prima_and_Keely_Smith_,1959,http://open.spotify.com/track/0e7LFGPufvU4ITix9vNSuc
Love,Letâ€™s_Get_Married,The_Proclaimers,1994,http://open.spotify.com/track/3P7bVGMkeVSJBOqQXPNJit
Love,Youâ€™re_My_Best_Friend,Queen,1975,http://open.spotify.com/track/0WMmdTiZrDkObaABU7mylW
Love,Kehma_Hi_Kya,A_R_Rahman,1995,
Love,Unchained_Melody,The_Righteous_Brothers,1965,http://open.spotify.com/track/2ACjOtICHXrAlP3ijVMSvb
Love,Umbrella,Rihanna,2007,http://open.spotify.com/track/0dOAByk7pJESaNScxIr5wI
Love,Youâ€™ve_Really_Got_a_Hold_On_Me,Smokey_Robinson_and_the_Miracles,1962,http://open.spotify.com/track/7oLlI6vGHjjFfLkq0fq89A
Love,Be_My_Baby,The_Ronettes,1963,http://open.spotify.com/track/0eXzLs2mOlkZXeftGN0SNH
Love,Valerie,Mark_Ronson_featuring_Amy_Winehouse,2007,http://open.spotify.com/track/6wrRgHFLe5RgQLBVbnqCCe
Love,I_Saw_the_Light,Todd_Rundgren,1972,http://open.spotify.com/track/2QNMAvCnpIN6P43f8HPKp1
Love,Leader_of_the_Pack,The_Shangri-Las,1964,http://open.spotify.com/track/7rwBWEQ6APQBQ5sFDOytDb
Love,Will_You_Love_Me_Tomorrow?,The_Shirelles,1961,http://open.spotify.com/track/5SqfqdRQBq3JttB5Nh08H2
Love,Bridge_Over_Troubled_Water,Simon_and_Garfunkel,1970,http://open.spotify.com/track/1eAVDtuGhk1lVVjMbmFvsi
Love,Fly_Me_to_the_Moon,Frank_Sinatra,1966,http://open.spotify.com/track/09ityNOMUHKZ1sldYGWRCk
Love,Get_Me_to_the_Church_On_Time,Frank_Sinatra,1966,
Love,Love_and_Marriage,Frank_Sinatra,1955,http://open.spotify.com/track/16y88kDkX8kgzFHMnXr33D
Love,True_Love_Travels_on_a_Gravel_Road,Percy_Sledge,1969,http://open.spotify.com/track/38r31rrb3wYnNPa3TCn4Mn
Love,It_Must_Be_Love,Labi_Siffre,1971,http://open.spotify.com/track/2kLNtPuucbm4kPhzWpuOOM
Love,Frederick,Patti_Smith,1979,http://open.spotify.com/track/7AXFxcR4QfoTPaWinYCFB3
Love,There_is_a_Light_That_Never_Goes_Out,The_Smiths,1986,
Love,I_Got_You_Babe,Sonny_and_Cher,1965,http://open.spotify.com/track/4TbuzNasQqnKJc3bJdZ0wZ
Love,You_Gotta_Come_a_Little_Closer,Soul_Brothers_Six,1973,
Love,Wannabe,The_Spice_Girls,1996,http://open.spotify.com/track/1Je1IMUlBXcx1Fz0WE7oPT
Love,Iâ€™ll_Be_Around,The_Spinners,1972,http://open.spotify.com/track/2vLaES21zwbX1Rnmj56Bbb
Love,Mandolin_Wind,Rod_Stewart,1971,http://open.spotify.com/track/2YIJ6PXSWgwo25sE9eIzuU
Love,She_Bangs_the_Drums,The_Stone_Roses,1989,http://open.spotify.com/track/5b6sFRZWMfcunej0zWE28r
Love,I_Feel_Love_,Donna_Summer,1977,http://open.spotify.com/track/6efRrfjV1YW1rtecLUHoP1
Love,Baby_Love,The_Supremes,1964,http://open.spotify.com/track/5uM9zdUz8PpYJME9wZCM4W
Love,Stoned_Love,The_Supremes,1970,
Love,You_Canâ€™t_Hurry_Love,The_Supremes,1966,http://open.spotify.com/track/046ZhBbIMSnG3UXHXJD1cy
Love,Why_Do_Fools_Fall_in_Love?,The_Teenagers_featuring_Frankie_Lymon,1956,http://open.spotify.com/track/2xKfXRhw5xaUXfevJJspZf
Love,My_Girl,The_Temptations,1964,http://open.spotify.com/track/0651FOAfvX33QIjpYL4F95
Love,Gloria,Them,1964,http://open.spotify.com/track/4VS4B6BjBK6liTPCf8O4aJ
Love,Here_Comes_the_Night,Them/Van_Morrison,1965,http://open.spotify.com/track/7knFQrGf88XnKjgyGrB70p
Love,River_Deep__Mountain_High,Ike_and_Tina_Turner,1966,http://open.spotify.com/track/4psjgB5e5HIuUeSVbEUY64
Love,Terry,Twinkle,1964,
Love,Mad_About_the_Boy,Dinah_Washington,1952,http://open.spotify.com/track/3q393Yh4k0cu2wlTgyiW4v
Love,Wichita_Linesman,Jimmy_Webb,1968,http://open.spotify.com/track/4LKUWvk6kQDJSTkxP6TUYN
Love,You_Do_Something_to_Me,Paul_Weller,1995,http://open.spotify.com/track/0qWQxgHDjlE1kcLP0SHkRK
Love,Music_to_Watch_Girls_By,Andy_Williams,1967,http://open.spotify.com/track/5khJtAAIdaXwr3ZsQvvVv4
Love,Do_I_Love_You_(Indeed_I_Do),Frank_Wilson,1966,http://open.spotify.com/track/6QtbZ4rI3fJRufeNyi19Nd
Love,Lean_on_Me,Bill_Withers,1972,http://open.spotify.com/track/4IXTOcB1eMoE7dkBs6oRHr
Love,Like_a_Hurricane,Neil_Young,1977,http://open.spotify.com/track/1756tFft3p2hTUBzg9bKdQ
Love,Only_Love_Can_Break_YourÂ Heart,Neil_Young,1970,http://open.spotify.com/track/3nQBejgpXbSdWpJsXKYWye
Heartbreak,Tears_Are_Not_Enough,ABC,1981,http://open.spotify.com/track/1DsmvwImEiDU0tLMOvOJZD
Heartbreak,The_Winner_Takes_It_All,Abba,1980,http://open.spotify.com/track/1g1RLXmuXu7HpMA6gmiYve
Heartbreak,Call_Me_on_Your_Way_Back_Home,Ryan_Adams,2000,
Heartbreak,Never_Ever,All_Saints,1997,http://open.spotify.com/track/7ziHnshbknkpFLDW5yGBjO
Heartbreak,Please_Give_Me_Something,Bill_Allen_and_the_Backbeats,1958,http://open.spotify.com/track/66auDFwg9lKmIYGQzEwHn5
Heartbreak,Without_You,Badfinger,1970,http://open.spotify.com/track/5GFV9C9D7EztSc0bMzF9ss
Heartbreak,Diamonds_and_Rust,Joan_Baez,1975,http://open.spotify.com/track/5lZ4Dm9BBGcCBVbfzxnyCX
Heartbreak,Youâ€™ve_Got_to_Hide_Your_Love_Away,The_Beatles,1965,
Heartbreak,The_Boy_Done_Wrong_Again,Belle_and_Sebastian,1996,http://open.spotify.com/track/4lNs7YerSrW3dxxWHDRSIs
Heartbreak,Heart_of_Glass,Blondie,1978,http://open.spotify.com/track/0a4agFmqHXxcZl1nho1BxM
Heartbreak,One_Way_Or_Another,Blondie,1979,http://open.spotify.com/track/5Q7cE6wGHMehLFo2ppkk5D
Heartbreak,Flume,Bon_Iver,2008,http://open.spotify.com/track/6WlS5FP9XcB410zta3C67v
Heartbreak,Bed_is_For_Sleeping,Bonnie_â€˜Princeâ€™_Billy_and_Matt_Sweeney,2005,
Heartbreak,Letter_to_Hermione,David_Bowie,1969,http://open.spotify.com/track/13YcDQxaOktczzQBliAISJ
Heartbreak,Repetition,David_Bowie,1979,http://open.spotify.com/track/6Q4S1KWuAg082DHm6BsazJ
Heartbreak,He_Wasnâ€™t_Man_Enough_,Toni_Braxton,2000,http://open.spotify.com/track/2uHlwcSyNpekOl9EybwVaU
Heartbreak,Lua,Bright_Eyes,2005,http://open.spotify.com/track/5bGoxCHvVavcFeQnI6NvUz
Heartbreak,Ever_Fallen_in_Love_(With_Someone_You_Shouldnâ€™tâ€™ve),Buzzcocks,1978,http://open.spotify.com/track/4JXtIl8MKQT9Q7XkVvWV2I
Heartbreak,I_Still_Miss_Someone,Johnny_Cash,1959,http://open.spotify.com/track/17ULcItopPiilP1gIPrJvR
Heartbreak,Far_From_Me,Nick_Cave,1997,http://open.spotify.com/track/6CjDPROOVDYN4v1JuidAJE
Heartbreak,Where_Were_You,Vic_Chesnutt,1991,
Heartbreak,Since_U_Been_Gone,Kelly_Clarkson,2004,http://open.spotify.com/track/07r3phrnaEUfoaauHHQXj6
Heartbreak,Should_I_Stay_Or_Should_I_Go,The_Clash,1982,http://open.spotify.com/track/0uwXVXNfzPJtpv3iCBAgDD
Heartbreak,Crazy,Patsy_Cline,1961,http://open.spotify.com/track/32EaJ4sUH4GrGfXulPltIi
Heartbreak,So_Long__Marianne,Leonard_Cohen,1967,http://open.spotify.com/track/75uA4upcHXXxVfaY9eYdSK
Heartbreak,The_Scientist,Coldplay,2002,http://open.spotify.com/track/75JFxkI2RXiU7L9VXzMkle
Heartbreak,Against_All_Odds_(Take_a_Look_at_Me_Now),Phil_Collins,1984,http://open.spotify.com/track/5b6vClAj7N7VFLXEso3hEY
Heartbreak,Donâ€™t_Leave_Me_This_Way,The_Communards,1986,http://open.spotify.com/track/6G27JoyRv8Ly085NkPIRWB
Heartbreak,Either_Side_of_the_Same_Town,Elvis_Costello_,2004,http://open.spotify.com/track/1TDyLMqyVcFnN4Gwb2Lk25
Heartbreak,I_Hope_Youâ€™re_Happy_Now,Elvis_Costello_and_the_Attractions,1986,http://open.spotify.com/track/0lJeIRRrwRmnkRWpjai96c
Heartbreak,I_Want_You,Elvis_Costello_and_the_Attractions,1986,http://open.spotify.com/track/4LBnvKaSC9RqnFYA0LDIGt
Heartbreak,He_Hit_Me_(And_it_Felt_Like_a_Kiss),The_Crystals,1962,
Heartbreak,Disintegration,The_Cure,1989,http://open.spotify.com/track/65QOLZaDsPoJp6nDi7Ln4l
Heartbreak,Katie_Cruel,Karen_Dalton,1971,
Heartbreak,Layla,Derek_and_the_Dominos,1970,http://open.spotify.com/track/1KDsONFxp3YtnJTaLeWFIi
Heartbreak,Warwick_Avenue,Duffy_,2008,http://open.spotify.com/track/5Og47k4AHrotP2QP36p5iO
Heartbreak,Donâ€™t_Think_Twice__Itâ€™s_All_Right,Bob_Dylan,1963,http://open.spotify.com/track/0K9nDgwZnLpg8FFG732fcU
Heartbreak,Idiot_Wind,Bob_Dylan,1975,http://open.spotify.com/track/6M4ch4i9qn5uWVrEeMGn9i
Heartbreak,If_You_See_Her__Say_Hello,Bob_Dylan,1975,http://open.spotify.com/track/16M0VBfpUnVkUfKknW1gar
Heartbreak,Just_Like_a_Woman,Bob_Dylan,1966,http://open.spotify.com/track/6M5KL0LxCvXGr3j2mN4wE1
Heartbreak,Sheâ€™s_Your_Lover_Now,Bob_Dylan,1966,http://open.spotify.com/track/0TUtCqkeaNlR71xerbm6Xo
Heartbreak,Tangled_up_in_Blue,Bob_Dylan,1975,http://open.spotify.com/track/3fSmfeHzyp33FHpVKqavaw
Heartbreak,Brown_Skin_Woman,Snooks_Eaglin,1962,http://open.spotify.com/track/2wiwvZFyUOsqGZYlh0tffe
Heartbreak,Goodbye,Steve_Earle,1996,
Heartbreak,The_Killing_Moon,Echo_and_the_Bunnymen,1984,http://open.spotify.com/track/15049rGLXHwrWtE4euUb5C
Heartbreak,My_Very_Best,Elbow,2006,
Heartbreak,Missing_(Todd_Terry_remix),Everything_But_the_Girl,1995,http://open.spotify.com/track/0Y11QzoiLpdhPHAFcSJH9i
Heartbreak,Whyâ€™d_Ya_Do_It?,Marianne_Faithfull,1979,http://open.spotify.com/track/1XZLci5bjgHM5LC1Xs1cQe
Heartbreak,Go_Your_Own_Way,Fleetwood_Mac,1977,http://open.spotify.com/track/5qg6DB7nxilzxxzalcpNU3
Heartbreak,Emily,Stephen_Fretwell,2004,http://open.spotify.com/track/3xC8ffyrb46M2xoyiAZijA
Heartbreak,I_Heard_it_Through_the_Grapevine,Marvin_Gaye,1967,http://open.spotify.com/track/27m1soUndRthrAA1ediOXn
Heartbreak,I_Will_Survive,Gloria_Gaynor,1978,http://open.spotify.com/track/1lBbC5ez7W0VgrRGGeybTY
Heartbreak,Daddyâ€™s_Gone,Glasvegas,2007,http://open.spotify.com/track/5Xkht48NOI9eirHjY7d87I
Heartbreak,Itâ€™s_My_Party,Lesley_Gore,1963,http://open.spotify.com/track/4sR3U7qQAai4CI0q4zHlRW
Heartbreak,How_Can_You_Mend_a_Broken_Heart_,Al_Green,1972,
Heartbreak,Sheâ€™s_Gone,Halls_and_Oates,1973,
Heartbreak,Weightless_Again,The_Handsome_Family,1998,
Heartbreak,Christine,The_House_of_Love,1988,
Heartbreak,Donâ€™t_You_Want_Me?,The_Human_League,1981,http://open.spotify.com/track/5lmYpa6EaVAKAlwxMf7q5c
Heartbreak,I_Want_You_Back,The_Jackson_5,1970,http://open.spotify.com/track/2nPXRL8SX00vl9zeQHMSQp
Heartbreak,Is_She_Really_Going_Out_With_Him?,Joe_Jackson,1978,http://open.spotify.com/track/3P97XnD4osOqR4lRPalNPV
Heartbreak,Iâ€™d_Rather_Go_Blind,Etta_James,1969,http://open.spotify.com/track/2xxX1FmYQk7P0I5stRyNsT
Heartbreak,Devil_Got_My_Woman,Skip_James,1931,http://open.spotify.com/track/0PIFpAuiiowI88mPS6KYsj
Heartbreak,Some_Things_Last_a_Long_Time,Daniel_Johnston,1990,
Heartbreak,I_Guess_Thatâ€™s_Why_They_Call_it_the_Blues,Elton_John,1983,http://open.spotify.com/track/4mno8GjYUVPW8rNgJsWLx6
Heartbreak,Tainted_Love,Gloria_Jones,1964,
Heartbreak,Delilah,Tom_Jones,1968,http://open.spotify.com/track/0hK0cOpYF3cLB49VbMa7AV
Heartbreak,Piece_of_My_Heart,Janis_Joplin_and_Big_Brother_and_the_Holding_Company,1968,http://open.spotify.com/track/3zfJeCCx1uDHzPNReiGqS6
Heartbreak,Love_Will_Tear_Us_Apart,Joy_Division,1980,http://open.spotify.com/track/2JO3HwMRPeya8bXbtbyPcf
Heartbreak,Caught_Out_There,Kelis,1999,http://open.spotify.com/track/6UJbhZER5yrbaAG66rrr4Z
Heartbreak,You_Donâ€™t_Know_My_Name,Alicia_Keys,2003,http://open.spotify.com/track/212BdBPNXcHSPyKtXMiiFF
Heartbreak,Mr_Brightside,The_Killers,2003,http://open.spotify.com/track/4ZefAE6wZ6BEATniPk4DWI
Heartbreak,The_Thrill_is_Gone,BB_King,1969,http://open.spotify.com/track/2l9eWSE3Tupp0ArEDo45eB
Heartbreak,Itâ€™s_Too_Late,Carole_King,1971,http://open.spotify.com/track/5bl6wYKQnPmHYO7DbF1mg7
Heartbreak,Lola,The_Kinks,1970,http://open.spotify.com/track/191w1gNvwUI55Pk6PcVvMx
Heartbreak,Let_Me_Down_Easy,Bettye_LaVette,1965,http://open.spotify.com/track/0MvsfFXD0XkeOcPUOO5XaH
Heartbreak,Jealous_Guy,John_Lennon,1971,
Heartbreak,Bleeding_Love,Leona_Lewis,2007,http://open.spotify.com/track/6LtPIXlIzPOTF8vTecYjRe
Heartbreak,Crazy_For_You,Madonna,1985,http://open.spotify.com/track/6idFcUh2Gc8wdtwuR0sfFN
Heartbreak,Yes,McAlmont_and_Butler,1995,http://open.spotify.com/track/6joAGL5IuD66Qgcz049ObW
Heartbreak,Itâ€™s_All_in_the_Game,Van_Morrison,1979,http://open.spotify.com/track/4LPR6jSlFTTHavQVaYLfXR
Heartbreak,The_More_You_Ignore_Me__The_Closer_I_Get,Morrissey,1994,http://open.spotify.com/track/2ljH5Nxub9QIJ1WE1hsVU3
Heartbreak,No_Children,The_Mountain_Goats,2003,http://open.spotify.com/track/6KyyTheVmJZsNdqwOj0MR3
NA,,,NA,
Heartbreak,Blue_Monday,New_Order,1983,http://open.spotify.com/track/6cxLRWPZQ6dmb0lJ5Ph8Tu
Heartbreak,Nothing_Compares_2_U,Sinead_Oâ€™Connor,1990,http://open.spotify.com/track/07iHAswcApphvyllRDQrEa
Heartbreak,To_Cry_About,Mary_Margaret_Oâ€™Hara,1988,
Heartbreak,Crying,Roy_Orbison,1961,http://open.spotify.com/track/3oVeLS6WNWf7tAGev4Y6vM
Heartbreak,Love_Hurts,Gram_Parsons_with_Emmylou_Harris,1974,http://open.spotify.com/track/51sT9Y2lXJocjVUhA5NFK1
Heartbreak,$1_000_Wedding,Gram_Parsons,1974,http://open.spotify.com/track/53egTlbVDqNH2SRmZTknrC
Heartbreak,Jolene,Dolly_Parton,1973,http://open.spotify.com/track/5fdhThPDe6jQQDqCyWrdAn
Heartbreak,It_Was_Jealousy,Ann_Peebles,1976,
Sex,Letâ€™s_Talk_About_Sex,Salt-n-Pepa,1990,
Heartbreak,Ur_So_Gay,Katy_Perry,2007,http://open.spotify.com/track/5monag19nA467DCEUmE7Lq
Heartbreak,Divorce_Song,Liz_Phair,1993,
Heartbreak,Canâ€™t_Stand_Losing_You,The_Police,1978,http://open.spotify.com/track/1VKbWRpwV2XXSJSZ2w534h
Heartbreak,Every_Breath_You_Take,The_Police,1983,http://open.spotify.com/track/0A4Btqar6Y5B4hfs9pZnSE
Heartbreak,Always_on_My_Mind,Elvis_Presley,1972,http://open.spotify.com/track/7mm18MJI4UpSS2IfsId0qB
Heartbreak,Suspicious_Minds,Elvis_Presley,1969,http://open.spotify.com/track/21uqk0VElbm5bxCNTR3E6M
Heartbreak,Beware_of_Young_Girls,Dory_Previn,1970,http://open.spotify.com/track/6G73YaSHMs0tP2gCNvSnjE
Heartbreak,When_Doves_Cry,Prince,1984,http://open.spotify.com/track/5OLaGD9QaSn2pRmBr6hYqb
Heartbreak,Jaan_Pehechaan_Ho,Mohammed_Rafi,1965,http://open.spotify.com/track/6o1fs0vkkFGT8lSkMAXe1o
Heartbreak,Sad_Song,Lou_Reed,1973,
Heartbreak,Everybody_Hurts,REM,1992,http://open.spotify.com/track/28AZM08WStiEXfqN065BvN
Heartbreak,The_One_I_Love,REM,1987,http://open.spotify.com/track/3k5BXtsudQFynAlzYIzCgF
Heartbreak,Youâ€™ve_Lost_That_Lovinâ€™_Feelinâ€™,The_Righteous_Brothers,1964,http://open.spotify.com/track/4Y7jrcaXsSFyf5g4YLcAaB
Heartbreak,Stupid_Girl,The_Rolling_Stones,1966,http://open.spotify.com/track/1jlF5p7TTVhT1pvk1jdxZz
Heartbreak,Under_My_Thumb,The_Rolling_Stones,1966,http://open.spotify.com/track/4H5hI3u6LmIRlXnWR89opX
Heartbreak,(The_Best_Part_of)_Breakinâ€™_Up,The_Ronettes,1964,
Heartbreak,What_Becomes_of_the_Broken_Hearted,Jimmy_Ruffin,1966,http://open.spotify.com/track/019nGMMof2yYp0zIdnbxSV
Heartbreak,A_Little_Lost,Arthur_Russell,1994,
Heartbreak,Nobody_Does_it_Better,Carly_Simon,1977,http://open.spotify.com/track/240vi0Gt8ZOdPwC1PbzfUJ
Heartbreak,Youâ€™re_So_Vain,Carly_Simon,1972,http://open.spotify.com/track/46aRTYYXkN8ok6fnv9ljvr
Heartbreak,50_Ways_to_Leave_Your_Lover,Paul_Simon,1975,http://open.spotify.com/track/2VrS8weZmIHO4LtRQibMvJ
Heartbreak,Only_the_Lonely,Frank_Sinatra,1958,http://open.spotify.com/track/3il33mhbtAFCpdBNvNyymr
Heartbreak,All_Or_Nothing,The_Small_Faces,1966,http://open.spotify.com/track/3NkE5aI8aPPnoG8w2xBwNF
Heartbreak,I_Know_Itâ€™s_Over,The_Smiths,1986,
Heartbreak,Please__Please__Please_Let_Me_Get_What_I_Want,The_Smiths,1984,
Heartbreak,Left_Only_With_Love,Smog,1998,
Heartbreak,Broken_Heart,Spiritualized,1997,
Heartbreak,I_Just_Donâ€™t_Know_What_to_Do_With_Myself,Dusty_Springfield,1964,http://open.spotify.com/track/4qrEIcw64kbDgSK5QRkkAC
Heartbreak,You_Donâ€™t_Have_to_Say_You_Love_Me,Dusty_Springfield,1966,http://open.spotify.com/track/2djMjbwwD6aeN029drEul0
Heartbreak,Maggie_May,Rod_Stewart,1971,http://open.spotify.com/track/5bnmFqpNi0JsOUQgQaGtzC
Heartbreak,Dry_Your_Eyes,The_Streets,2004,http://open.spotify.com/track/1DlCpos9Lj8pK6cYMRjipp
Heartbreak,Last_Nite,The_Strokes,2001,http://open.spotify.com/track/7kzKAuUzOITUauHAhoMoxA
Heartbreak,Where_Did_Our_Love_Go?,The_Supremes,1964,http://open.spotify.com/track/6yz8hKpO3s2byra8Et3w9x
Heartbreak,You_Keep_Me_Hanginâ€™_On,The_Supremes,1966,http://open.spotify.com/track/6tLPgXlqugmn2XfNnmGoVp
Heartbreak,(My_Heart_Is)_Closed_for_the_Season__,Bettye_Swann,1968,http://open.spotify.com/track/6AS7rbXQIE2cSCtNXg3RPm
Heartbreak,Back_for_Good,Take_That,1995,http://open.spotify.com/track/1cnoj3gWltCrWBZ77jZtmj
Heartbreak,No_Scrubs,TLC,1999,http://open.spotify.com/track/5iJUGd5boRXsCmW00B3Mtq
Heartbreak,With_Or_Without_You,U2,1987,http://open.spotify.com/track/2JZfTvWWtpaE8NohqRXqFr
Heartbreak,Give_Me_the_Reason,Luther_Vandross,1986,http://open.spotify.com/track/54yoy5MG6SVPB5wdneXAW7
Heartbreak,Femme_Fatale,The_Velvet_Underground_and_Nico,1967,http://open.spotify.com/track/63uM3G418omzGOIT9ltPmt
Heartbreak,Rubyâ€™s_Arms,Tom_Waits,1980,http://open.spotify.com/track/0YUvSNoGzYp67QjLOmzVnW
Heartbreak,Make_it_Easy_on_Yourself,The_Walker_Brothers,1965,http://open.spotify.com/track/5RT0MynLRywe8D3UHJ4UNG
Heartbreak,Walk_on_By,Dionne_Warwick,1964,http://open.spotify.com/track/6xS9VDmREYFio4BNGFImjc
Heartbreak,Gold_Digger,Kanye_West,2005,http://open.spotify.com/track/5sSxgpqqZEAdwfRYVze4fU
Heartbreak,Say_You_Will_,Kanye_West,2008,http://open.spotify.com/track/57wUNWELIZOReROLzol83e
Heartbreak,Substitute,The_Who,1966,http://open.spotify.com/track/6AtYt0gDIi6I38fOfkV31y
Heartbreak,Cold__Cold_Heart,Hank_Williams,1951,http://open.spotify.com/track/56KLeNPhvXXyXGQ9TEYDCC
Heartbreak,No_Regrets,Robbie_Williams,1998,http://open.spotify.com/track/2h4Lh23FF8OQ8uGBnOdepy
Heartbreak,Stronger_Than_Me,Amy_Winehouse,2003,http://open.spotify.com/track/5Q8nk53ZSOoCCoMHcyUj8X
Heartbreak,You_Know_Iâ€™m_No_Good,Amy_Winehouse,2006,http://open.spotify.com/track/0u8ekDfiPVBsju2LBLvDvI
Heartbreak,Ainâ€™t_No_Sunshine,Bill_Withers,1971,http://open.spotify.com/track/7u9s9Kn0J9U69J0qQV3E5M
Heartbreak,Use_Me,Bill_Withers,1972,http://open.spotify.com/track/7bIC3bWre8rInwCizxLMPQ
Heartbreak,D-I-V-O-R-C-E,Tammy_Wynette,1968,
Heartbreak,A_Man_Needs_a_Maid,Neil_Young,1972,http://open.spotify.com/track/09EdAJXci83YhVYUaZtLOw
People_and_places,New_York__New_York,Ryan_Adams,2001,http://open.spotify.com/track/6n0uVCp7GKgS0N7yCiIjYG
People_and_places,Lake_Shore_Drive,Aliotta_Haynes_Jeremiah,1971,
People_and_places,Iâ€™ve_Got_to_Go_Back_Home,Bob_Andy,1966,
People_and_places,We_Gotta_Get_Out_of_This_Place,The_Animals,1965,http://open.spotify.com/track/385Z5UTDZvJMvhOAiURcHY
People_and_places,A_Certain_Romance,Arctic_Monkeys,2006,http://open.spotify.com/track/1sW0hSskhK2o3okrBoNd57
People_and_places,Chicago,Roy_Ayers,1983,http://open.spotify.com/track/6mWaJR3Wz8XcujkKd48oy6
People_and_places,Fun__Fun__Fun,The_Beach_Boys,1964,http://open.spotify.com/track/0kRivH04RZLdKhD5wX1h1D
People_and_places,Eleanor_Rigby,The_Beatles,1966,
People_and_places,Doctor_Robert,The_Beatles,1966,
People_and_places,Drive_My_Car,The_Beatles,1965,
People_and_places,Penny_Lane,The_Beatles,1967,
People_and_places,Sheâ€™s_Leaving_Home,The_Beatles,1967,
People_and_places,Strawberry_Fields_Forever,The_Beatles,1967,
People_and_places,I_Left_My_Heart_in_San_Francisco,Tony_Bennett,1962,http://open.spotify.com/track/6T4wzk2iyRcdmEQUcqk1s8
People_and_places,Memphis__Tennessee,Chuck_Berry,1959,http://open.spotify.com/track/289AKX6diQ7eCcvJLb5pC3
People_and_places,No_Particular_Place_to_Go,Chuck_Berry,1964,http://open.spotify.com/track/0ibuBDbT4tKNA1ugKK92AI
People_and_places,Johnny_B_Goode,Chuck_Berry,1958,http://open.spotify.com/track/78gvEiVlnMd1f5adOHjJxP
People_and_places,Tribute_to_Buddy_Holly,Mike_Berry_and_the_Outlaws,1961,
People_and_places,Jerusalem,William_Blake__Charles_Hubert_and_Hastings_Parry,1916,
People_and_places,Ainâ€™t_No_Love_in_the_Heart_of_the_City,Bobby_Bland,1974,
People_and_places,Hernandoâ€™s_Hideaway,Archie_Bleyer,1954,http://open.spotify.com/track/5l14z1uDc6xwMohyYuhOfM
People_and_places,For_Tomorrow,Blur,1993,http://open.spotify.com/track/6j8paOITkZ5Ybrg5osqeVk
People_and_places,Life_On_Mars?,David_Bowie,1971,http://open.spotify.com/track/1EdKQ7nYYmMEsrcehcHf4Q
People_and_places,Space_Oddity,David_Bowie,1969,http://open.spotify.com/track/7IBfmCrfaR3SLVemWhsucQ
People_and_places,Nights_in_New_York_City,Jan_Bradley,1968,
People_and_places,Levi_Stubbsâ€™_Tears,Billy_Bragg,1986,
People_and_places,Rocket_88,Jackie_Brenston_and_His_Delta_Cats,1951,http://open.spotify.com/track/2D4CW43Ewl0UZvrn9E2bo3
People_and_places,Blackwater_Side,Anne_Briggs,1971,
People_and_places,Smalltown_Boy,Bronski_Beat,1984,http://open.spotify.com/track/1nz1xzqPN4xYZtR4zgiLxt
People_and_places,Eight_Miles_High,The_Byrds,1966,http://open.spotify.com/track/3M2vp32P9xXHsVRcva9G5c
People_and_places,Galveston,Glen_Campbell,1969,http://open.spotify.com/track/7GCNh1ibQiae8aimaEUOFq
People_and_places,Minnie_the_Moocher,Cab_Calloway,1931,http://open.spotify.com/track/1Ns0szGnyIV7BLkWsrkdVu
People_and_places,Drive,The_Cars,1984,http://open.spotify.com/track/2KjYhaRlB5NtCJ0JotvJhZ
People_and_places,Scarborough_Fair,Martin_Carthy,1965,
People_and_places,Iâ€™m_Free_From_the_Chain_Gang_Now,Johnny_Cash,2006,http://open.spotify.com/track/52HE6vtu3RydAcSDK3YuuN
People_and_places,Folsom_Prison_Blues,Johnny_Cash,1955,http://open.spotify.com/track/7BuR7aWjwtMnejLYeh8FZk
People_and_places,King_of_Bongo,Manu_Chao,1998,
People_and_places,Georgia_on_My_Mind,Ray_Charles,1960,http://open.spotify.com/track/5pnvs9jplQQE7uxdyHhTta
People_and_places,Lonely_Avenue,Ray_Charles,1956,http://open.spotify.com/track/43mBBdRU6GfinobxcDyufp
People_and_places,LA_Freeway,Guy_Clark,1975,http://open.spotify.com/track/0FIn08OKKHVRSFJfm6QBmS
People_and_places,London_Calling,The_Clash,1979,http://open.spotify.com/track/6UxHw23oizTlIyolc4Alaz
People_and_places,Many_Rivers_to_Cross,Jimmy_Cliff,1969,http://open.spotify.com/track/1dr5J5vp2lomzdDPcv4CvG
People_and_places,Riot_in_Cell_Block_#9,The_Coasters,1954,http://open.spotify.com/track/5Hl3bPQuASTEb4t3GxhlkI
People_and_places,Chelsea_Hotel_#2,Leonard_Cohen,1974,http://open.spotify.com/track/48WhdGNxaxHMdRxs11ampi
People_and_places,First_We_Take_Manhattan,Leonard_Cohen,1988,http://open.spotify.com/track/6C7z72JkQtC08oKYLsz791
People_and_places,The_Banks_of_the_Sweet_Primroses,Shirley_Collins,1967,
People_and_places,Taxes_on_the_Farmer_Feeds_Us_All,Ry_Cooder,1972,
People_and_places,Chain_Gang,Sam_Cooke,1960,http://open.spotify.com/track/2v3StB7FS2bUZNSWWInRN7
People_and_places,Brother_Can_You_Spare_a_Dime?,Bing_Crosby,1932,http://open.spotify.com/track/2Ei1sEtJU0ENRvk3sKZx0X
People_and_places,Beyond_the_Sea,Bobby_Darin,1959,http://open.spotify.com/track/1xeEkk0av46GZ4Ztq1dUEM
People_and_places,Mack_the_Knife_,Bobby_Darin,1959,http://open.spotify.com/track/35hKX7JI7gvQ0oKna8895l
People_and_places,007_(Shanty_Town),Desmond_Dekker,1967,http://open.spotify.com/track/7hwvbkchjTc5JXEZ4xmQX7
People_and_places,Geno,Dexys_Midnight_Runners,1980,http://open.spotify.com/track/7gb626DDDHoiuVAGZEnlJk
People_and_places,Roadrunner,Bo_Diddley,1960,http://open.spotify.com/track/0D98Qv08oIWYoSgVigHy9a
People_and_places,The_Wanderer,Dion,1961,http://open.spotify.com/track/0tk8p69r1Ed2OuqiXxHdAQ
People_and_places,Sunny_Goodge_Street,Donovan,1965,http://open.spotify.com/track/0W0WuexnXG8xdSnTIHKnrQ
People_and_places,Black_and_White_Town,Doves,2005,http://open.spotify.com/track/1RJxjF2aOMi1JLJ9K2PUJj
People_and_places,On_Broadway,The_Drifters,1963,http://open.spotify.com/track/1rDBmONfSiBaJJGqDH2OH5
People_and_places,Billericay_Dickie,Ian_Dury,1977,
People_and_places,Ballad_of_a_Thin_Man,Bob_Dylan,1965,http://open.spotify.com/track/3Xbr9UqRIgo5I9Wna9sofg
People_and_places,Blind_Willie_McTell,Bob_Dylan,1991,http://open.spotify.com/track/2HT5jSAGQtNJ6nM8dhvrng
People_and_places,Like_a_Rolling_Stone,Bob_Dylan,1965,http://open.spotify.com/track/4hR2PmKODnlFa5fe8iWzeo
People_and_places,The_Mountain,Steve_Earle,1999,
People_and_places,Station_Approach,Elbow,2005,
People_and_places,Leave_the_Capitol,The_Fall,1981,
People_and_places,Sin_City,The_Flying_Burrito_Brothers,1969,http://open.spotify.com/track/79eJ1pa0yAAFlloGPizz8W
People_and_places,Solsbury_Hill,Peter_Gabriel,1977,
People_and_places,Green_Fields,The_Good__the_Bad_and_the_Queen,2007,
People_and_places,Over_the_Rainbow,Judy_Garland,1939,http://open.spotify.com/track/1jNQ6e4Mze7QA3hPWbTv3B
People_and_places,Do_Re_Mi,Woody_Guthrie,1940,http://open.spotify.com/track/2IsUkc97tIzMBQg67y3lVP
People_and_places,Big_City,Merle_Haggard,1981,http://open.spotify.com/track/2a57riblxsqxe1lV33JDTf
People_and_places,Tribute_to_Hank_Williams,Tim_Hardin,1967,http://open.spotify.com/track/7EIObUsjH82rWe34Alrou9
People_and_places,Boulder_to_Birmingham,Emmylou_Harris_,1975,http://open.spotify.com/track/3PAnJueYX2pM8Ig0xSnkbI
People_and_places,Coles_Corner,Richard_Hawley,2005,http://open.spotify.com/track/5kGdayTmguCAZP87F56DUg
People_and_places,Just_Like_Eddie,Heinz,1963,http://open.spotify.com/track/3anKfvDNqW7dYBDEbmKzIn
People_and_places,Down_in_the_Tube_Station_at_Midnight,The_Jam,1978,http://open.spotify.com/track/3pmY0mjzWegSxdMPwYZwSj
People_and_places,So_What_(Miles),Eddie_Jefferson,1961,http://open.spotify.com/track/0PCrDhGtjxU660QHLUHYYc
People_and_places,Me_and_Bobby_McGee,Janis_Joplin,1971,http://open.spotify.com/track/6K81RptJZZaeEkqiV6kpyv
People_and_places,Cross_Road_Blues,Robert_Johnson,1936,
People_and_places,Choo_Choo_Châ€™Boogie,Louis_Jordan_and_His_Tympany_Five,1946,http://open.spotify.com/track/1bPpdLPZIi24zchWIGkI3H
People_and_places,Spanish_Harlem,Ben_E_King,1961,http://open.spotify.com/track/3UCmuRdeTriWgOZMEJsfqZ
People_and_places,(Get_Your_Kicks_On)_Route_66,Nat_King_Cole,1946,http://open.spotify.com/track/3k0jloXIBRigk9z7TSxr48
People_and_places,Dead_End_Street,The_Kinks,1966,http://open.spotify.com/track/2qYhnsUIiu31svhUA5yGZD
People_and_places,The_Village_Green_Preservation_Society,The_Kinks,1968,
People_and_places,Waterloo_Sunset,The_Kinks,1967,http://open.spotify.com/track/2nlvl52hnkBMoWPmWChXM8
People_and_places,London_is_the_Place_For_Me,Lord_Kitchener,1951,
People_and_places,Trans-Europe_Express,Kraftwerk,1977,http://open.spotify.com/track/0E4dDQtMRsh2hil3J9hTMj
People_and_places,Ramblinâ€™_Man_,Lemon_Jelly,2002,http://open.spotify.com/track/6gZy5D9PMscYWMM1VdvZZx
People_and_places,Kentucky,The_Louvin_Brothers,1956,http://open.spotify.com/track/15GmkMpAv2Q3txQLW2c1nZ
People_and_places,Sweet_Home_Alabama,Lynyrd_Skynyrd,1974,http://open.spotify.com/track/1KZ1hkR3lxhIRW57sPaY07
People_and_places,California_Dreaminâ€™,The_Mamas_and_the_Papas,1965,http://open.spotify.com/track/1pxO7IS622Q8DQJ7uK7JRt
People_and_places,No_Woman__No_Cry,Bob_Marley_and_the_Wailers,1974,http://open.spotify.com/track/2Fl520GM5Pq1yCxSruf3gj
People_and_places,Things_Are_Worse_in_Russia,Sam_Mayo,1922,
People_and_places,Vincent,Don_McLean,1971,http://open.spotify.com/track/6b2rn4db84W8Ntz66LHi53
People_and_places,Me_and_My_Chauffeur_Blues,Memphis_Minnie,1941,http://open.spotify.com/track/1BrAqEZyBw7t4Qk5LdPq7w
People_and_places,Stack_Oâ€™_Lee,Mississippi_John_Hurt,1928,http://open.spotify.com/track/2s4dwHpeGqoXNUXoyXyG1O
People_and_places,Diamonds_Are_a_Girlâ€™s_Best_Friend,Marilyn_Monroe,1953,http://open.spotify.com/track/0wxF2Ia8RldcEHSlEope7i
People_and_places,Coney_Island,Van_Morrison,1989,http://open.spotify.com/track/51uJPonFb6B4bjVXXIb6oR
People_and_places,On_the_Road_Again,Willie_Nelson,1980,http://open.spotify.com/track/3c4gb10sLoDr3OCoLIKRqm
People_and_places,Cars,Gary_Numan,1979,http://open.spotify.com/track/3CKLPDN1AIOYa7QPpy6oDH
People_and_places,A_Few_Words_in_Defense_of_Our_Country,Randy_Newman,2008,http://open.spotify.com/track/1IWtqdxdgO1ThXjfjXnsSU
People_and_places,Baltimore,Randy_Newman,1977,
People_and_places,I_Love_LA,Randy_Newman,1983,
People_and_places,I_Guess_the_Lord_Must_Be_in_New_York_City,Nilsson,1969,http://open.spotify.com/track/6gu59Q2p1Zkx2jkMdJYO1X
People_and_places,Blue_Bayou,Roy_Orbison,1963,http://open.spotify.com/track/5GdSlf0Of1E67soyYauE1i
People_and_places,Domino,Roy_Orbison,1956,http://open.spotify.com/track/12NYyFxVvXaa8XIZEErs2D
People_and_places,Bruton_Town,Pentangle,1968,http://open.spotify.com/track/2pqiemaVZ6QjRYH5cPCfax
People_and_places,Kingâ€™s_Cross,Pet_Shop_Boys,1987,
People_and_places,West_End_Girls,Pet_Shop_Boys,1985,http://open.spotify.com/track/5Dqik1P9toCJTLj5rEm78s
People_and_places,Mustang_Sally,Wilson_Pickett,1966,http://open.spotify.com/track/2AbmCE9mLpaVMyQeyvlgHN
People_and_places,Shine_on_You_Crazy_Diamond,Pink_Floyd,1975,
People_and_places,Dirty_Old_Town,The_Pogues,1985,http://open.spotify.com/track/7IMYW63MR1U33kX7LOecPl
People_and_places,Rainy_Night_in_Soho,The_Pogues,1985,http://open.spotify.com/track/6vSHxP7R5Ml9zqyO2JM5v9
People_and_places,Heartbreak_Hotel,Elvis_Presley,1956,http://open.spotify.com/track/4YpAvti84hmMqJwnAYawt5
People_and_places,Somewhere,PJ_Proby,1964,http://open.spotify.com/track/5lz5nAO1HA7nntRU5k0IzH
People_and_places,Common_People,Pulp,1995,http://open.spotify.com/track/3gc4sAYBuZDhbFfnauPqOf
People_and_places,Bright_Lights__Big_City,Jimmy_Reed,1961,http://open.spotify.com/track/3uNEUuL8U3RqHVyhiuD6DY
People_and_places,Berlin,Lou_Reed,1973,
People_and_places,Roadrunner,Jonathan_Richman_and_the_Modern_Lovers,1972,
People_and_places,Harper_Valley_PTA,Jeannie_C_Riley_,1968,http://open.spotify.com/track/0nAHjZ9TJ6h4Hpy8lxlP6u
People_and_places,T_for_Texas,Jimmie_Rodgers,1928,http://open.spotify.com/track/5pOTmneH4pTmhxaSLtrTM0
People_and_places,Moonlight_Mile,The_Rolling_Stones,1971,http://open.spotify.com/track/19syRYigiBrdGj5HUqBjzx
People_and_places,Ruby_Tuesday,The_Rolling_Stones,1967,http://open.spotify.com/track/5dv34fSvGLhCaPNjiytAva
People_and_places,Jenny_Take_a_Ride_,Mitch_Ryder_and_the_Detroit_Wheels,1965,http://open.spotify.com/track/5mgDZhN7E1nau6ZH2ENmUH
People_and_places,Chancery_Lane,Bim_Sherman,1978,
People_and_places,Graceland,Paul_Simon,1986,http://open.spotify.com/track/0aeaKHM4KCULhqKk4QZzjT
People_and_places,The_Late_Great_Johnny_Ace,Paul_Simon,1983,http://open.spotify.com/track/5ach2WWI5RD1FOjDArNlRh
People_and_places,Homeward_Bound,Simon_and_Garfunkel,1966,http://open.spotify.com/track/0MhdnZTAPZmdEWa3alX8eM
People_and_places,Mrs_Robinson,Simon_and_Garfunkel,1968,http://open.spotify.com/track/6J1sj9dcEM91H80NIz1Gpo
People_and_places,New_York__New_York,Frank_Sinatra,1980,http://open.spotify.com/track/4tMPwjAb9FYZ2HHgXj24LU
People_and_places,Jackson,Nancy_Sinatra_and_Lee_Hazlewood,1967,http://open.spotify.com/track/56LjYK1rKum8m1L7aIdfm4
People_and_places,Born_to_Run,Bruce_Springsteen,1975,http://open.spotify.com/track/3JlWTo11ustqpPS1V7Jivs
People_and_places,Up_the_Junction,Squeeze,1979,http://open.spotify.com/track/1zWLu0Glg7glW6ulCfDbeN
People_and_places,Rank_Stranger,The_Stanley_Brothers,1950,http://open.spotify.com/track/1AkjPhgexQuQkeJpB3sS5E
People_and_places,Born_to_Be_Wild,Steppenwolf,1968,http://open.spotify.com/track/78OcvMkLFsRp5AJsRexfPX
People_and_places,The_Boys_Are_Back_in_Town,Thin_Lizzy,1976,http://open.spotify.com/track/3w7SMX2L4Tx6GAR8cr5H5L
People_and_places,54-46_(Thatâ€™s_My_Number),Toots_and_the_Maytals,1968,http://open.spotify.com/track/0KVxbnJ6OfDj6P47KogYo7
People_and_places,Snowinâ€™_on_Raton,Townes_Van_Zandt,1987,
People_and_places,My_Perfect_Cousin,The_Undertones,1980,http://open.spotify.com/track/2YGzQWJGukgL3eXslK1okj
People_and_places,In_the_Neighbourhood,Tom_Waits,1983,
People_and_places,Johnsburg__Illinois,Tom_Waits,1983,http://open.spotify.com/track/1Opgvak0Qc2kyLVLFbuu1V
People_and_places,Do_You_Know_the_Way_to_San_JosÃ©,Dionne_Warwick,1968,http://open.spotify.com/track/3lVRhqxAiipuI4kPz4TF5W
People_and_places,Wild_Wood,Paul_Weller,1993,http://open.spotify.com/track/6YV6egaDLNWSxHenzsWE1y
People_and_places,Living_for_the_City,Stevie_Wonder,1973,http://open.spotify.com/track/1XtEFMgU5u5yHa5N4GxIbA
People_and_places,Master_Blaster_(Jammin),Stevie_Wonder,1980,http://open.spotify.com/track/3Q5K3AUwRshY9TSXxRk3IW
Sex,Try_Again,Aaliyah,2000,http://open.spotify.com/track/2CM7CAL7aJ5WkPU0oGbA96
Sex,Gimme!_Gimme!_Gimme!_(A_Man_After_Midnight),Abba,1979,http://open.spotify.com/track/2TjNlK2tNBxF8C8RIaK9Gb
Sex,You_Shook_Me_All_Night_Long,AC/DC,1980,
Sex,Love_in_an_Elevator,Aerosmith,1989,http://open.spotify.com/track/1SDr4rc6YRpaLDkJURW3sY
Sex,Smile,Lily_Allen,2006,http://open.spotify.com/track/1elLIGWtTXFm5NSRHDa4w1
Sex,When_The_Sun_Goes_Down,Arctic_Monkeys,2006,http://open.spotify.com/track/2iuIqCjjPKg3DYwHHAo0kJ
Sex,Come_Again,Au_Pairs,1981,
Sex,Another_Girl,The_Beatles,1965,
Sex,Norwegian_Wood_(This_Â BirdÂ Has_Flown),The_Beatles,1965,
Sex,My_Ding-a-Ling,Chuck_Berry,1972,http://open.spotify.com/track/2x54atSzwJO7zngKHdePjb
Sex,Kangaroo,Big_Star,1978,
Sex,Je_Tâ€™Aime_..._Moi_Non_Plus,Jane_Birkin_and_Serge_Gainsbourg,1969,
Sex,Girls_and_Boys,Blur,1994,http://open.spotify.com/track/3Y23PZn79fu2uaefLBCJyz
Sex,Tent,Bonzo_Dog_Doo-Dah_Band,1969,http://open.spotify.com/track/1Iv81TnJcanYzk4uyewcNi
Sex,Cruisinâ€™_the_Streets,Boys_Town_Gang,1981,
Sex,Get_Up_(I_Feel_Like_Being_a)_Sex_Machine,James_Brown,1970,http://open.spotify.com/track/5uCdgBAqYPWQ2HGpJVGAeD
Sex,Get_On_Top,Tim_Buckley,1972,http://open.spotify.com/track/2OqesAvEfzM5KvBHhRlz5l
Sex,Orgasm_Addict,Buzzcocks,1977,http://open.spotify.com/track/4iUvyJkurdF6iDzdY4Z4al
Sex,Triad,The_Byrds,1968,http://open.spotify.com/track/3Vcbq1XGXbvwXT9wC4XJjj
Sex,High_Fidelity_,Elvis_Costello_and_the_Attractions,1980,http://open.spotify.com/track/0FKPuEwGl4zunq0HKcoxQ5
Sex,I_Want_You,Elvis_Costello_and_the_Attractions,1986,http://open.spotify.com/track/4LBnvKaSC9RqnFYA0LDIGt
Sex,Letâ€™s_Make_Love_and_Listen_to_Death_from_Above,CSS,2006,http://open.spotify.com/track/4Cz17oLEdM9MY5BYtd0S2N
NA,,,NA,
Sex,Brown_Sugar,Dâ€™Angelo,1995,http://open.spotify.com/track/3tyUh8UpK0PVu00AjbP1UG
Sex,Say_My_Name,Destinyâ€™s_Child,1999,http://open.spotify.com/track/2gSyc23Hua25fqSFpgAh6W
Sex,Come_On_Eileen,Dexys_Midnight_Runners,1982,http://open.spotify.com/track/7L1h8TN56ynoes6aZ4kNs2
Sex,I_Touch_Myself,Divinyls,1991,http://open.spotify.com/track/6oNvmplQGUkmAh441Teows
Sex,Wake_Up_and_Make_Love_With_Me,Ian_Dury_and_the_Blockheads,1977,
Sex,I_Want_You,Bob_Dylan,1966,http://open.spotify.com/track/6hMr51jPiGsyI16VfO8wmO
Sex,Lay_Lady_Lay,Bob_Dylan,1969,http://open.spotify.com/track/6wo0JCftDQbbo9nsGKLzk2
Sex,Lyinâ€™_Eyes,The_Eagles,1975,
Sex,Stutter,Elastica,1993,http://open.spotify.com/track/6R8t6SQX1692z5S112XMkJ
Sex,Vaseline,Elastica,1995,http://open.spotify.com/track/3CFreeQN3KprsAO9Io0MpP
Sex,Whoâ€™s_That_Girl?,Eurythmics,1983,http://open.spotify.com/track/0qO7FkKWdHPc1Si1Z2nLZm
Sex,Stay_With_Me,The_Faces,1971,http://open.spotify.com/track/6qpWQy2fQy7X0jJTg7UoiO
Sex,Passion,The_Flirts,1982,
Sex,Relax,Frankie_Goes_to_Hollywood,1983,
Sex,Sledgehammer,Peter_Gabriel,1986,
Sex,Letâ€™s_Get_It_On,Marvin_Gaye,1973,http://open.spotify.com/track/5qAV9Xmezj2Fb2cUkZCKqS
Sex,Sexual_Healing,Marvin_Gaye,1982,http://open.spotify.com/track/6PctvwtmRSIwmTc4HtBzJT
Sex,Fancy,Bobbie_Gentry,1969,http://open.spotify.com/track/6aarvZBVzYo3sp4NYOBqCp
Sex,No_Pussy_Blues,Grinderman,2007,http://open.spotify.com/track/7hdfYPz4MaEcAH97E0S6vW
Sex,Bobâ€™s_Yer_Uncle,Happy_Mondays,1990,http://open.spotify.com/track/7p9Dw7RS1uTJubzRGRGHLV
Sex,The_Man_That_I_Am_With_My_Man,The_Hidden_Cameras,2003,http://open.spotify.com/track/4O1lOLB77K8jOilQOYnULt
Sex,You_Sexy_Thing,Hot_Chocolate,1975,http://open.spotify.com/track/3FJ86KB6nSQ1vTJbupZmmv
Sex,Saving_All_My_Love_for_You,Whitney_Houston,1985,http://open.spotify.com/track/0659KEGBXXfDy2pbCtZ9Wd
Sex,Between_the_Sheets,The_Isley_Brothers,1983,http://open.spotify.com/track/0RBg0YkVr7B6PGgK13PUhw
Sex,Summer_(The_First_Time),Millie_Jackson,1974,
Sex,Fujiyama_Mama,Wanda_Jackson,1957,http://open.spotify.com/track/56xQ4YLqsIZ4Kc6R3WEHAx
Sex,I_Just_Want_to_Make_Love_toÂ You,Etta_James,1961,http://open.spotify.com/track/7A96l8P8UmFPhdu7pQ8SMe
Sex,Super_Freak,Rick_James,1981,http://open.spotify.com/track/00FCfK15gIqylm8xeO4pjx
Sex,Crimson_and_Clover,Tommy_James_and_the_Shondells,1968,http://open.spotify.com/track/1vXuYPpkLjn1v06E2EsWQY
Sex,Pull_Up_to_the_Bumper,Grace_Jones,1981,http://open.spotify.com/track/3nkuemN1DlyHYZCk5eZYLn
Sex,Milkshake,Kelis,2003,http://open.spotify.com/track/2cMTIlktg3M9mXYqCPqw1J
Sex,Ignition_(Remix),R_Kelly,2003,http://open.spotify.com/track/7uN7snLDoM1WTmMcTxNreb
Sex,Khia,My_Neck__My_Back_(Lick_It),2002,http://open.spotify.com/track/0XPLAWXQ03Tlk94CltCj9S
Sex,I_Feel_the_Earth_Move,Carole_King,1971,http://open.spotify.com/track/437fpvkvab2A1kyZWr99u1
Sex,Sex_On_Fire,Kings_of_Leon,2008,http://open.spotify.com/track/395C2pn0PdOYPzM4B1jLoO
Sex,Black_Diamond,Kiss,1974,http://open.spotify.com/track/6ChyfMvHeIdX7vaNR249AK
Sex,Lady_Marmalade,Labelle,1974,http://open.spotify.com/track/3xqe6BzisHN08DOYYqTcsh
Sex,Telephone_Love,JC_Lodge,1988,http://open.spotify.com/track/3cWpbffv5WFX2g5n99L1th
Sex,Help_Me_Make_It_Through_the_Night,Kris_Kristofferson,1970,http://open.spotify.com/track/2Os4SR7qNgb6vKa6cXQSUZ
Sex,Whole_Lotta_Love,Led_Zeppelin,1969,
Sex,Whole_Lotta_Shakinâ€™_Goinâ€™_On,Jerry_Lee_Lewis,1957,http://open.spotify.com/track/3VIQihiCjAPP22iG0z0iJ9
Sex,French_Kiss,Lilâ€™_Louis,1989,
Sex,Tutti_Frutti,Little_Richard,1955,http://open.spotify.com/track/17nFSc5cJ3AHKt7qsGFtsz
Sex,Darling_Be_Home_Soon,The_Lovinâ€™_Spoonful,1967,http://open.spotify.com/track/0WyaWFJqhVdHxK2pY9Xg8U
Party_songs,Din_Daa_Daa,George_Kranz,1984,
Sex,You_Ainâ€™t_Woman_Enough,Loretta_Lynn,1966,http://open.spotify.com/track/0HIDHxooesFQ1zAZ3Vahgm
Sex,Donâ€™t_Come_the_Cowboy_With_Me__Sonny_Jim!,Kirsty_MacColl,1989,http://open.spotify.com/track/2K0gFbHUwMJqXNfm7fJnRg
Sex,Justify_My_Love,Madonna,1990,http://open.spotify.com/track/5pIYRfMMlLw7NXg1ey8bRA
Sex,Electric_Feel,MGMT,2008,http://open.spotify.com/track/2eGHyarZyRvUgFI4d3G8GN
Sex,I_Want_Your_Sex,George_Michael,1987,http://open.spotify.com/track/4g4UjSFx9QCTt2mqJwr4fW
Sex,Fastlove,George_Michael,1996,http://open.spotify.com/track/5y0RtJTOSuy864erUivf0J
Sex,One_Minute_Man,Missy_Elliott,2001,http://open.spotify.com/track/4SZG38k0cKCMrmpu2mPpD2
Sex,Work_It,Missy_Elliott,2002,http://open.spotify.com/track/5p3WoFtEm7HrRp8lKxKICu
Sex,A_Case_of_You,Joni_Mitchell,1971,http://open.spotify.com/track/42kn5anz7d6ykieCG0yIbH
Sex,Heads_High,Mr_Vegas,1998,http://open.spotify.com/track/4LCmlA4r2kaQ5d5Hld8y26
Sex,OPP,Naughty_by_Nature,1991,http://open.spotify.com/track/70zkTsvURu74HmCrEja7e4
Sex,If_Thatâ€™s_Your_Boyfriend_(He_Wasnâ€™t_Last_Night),Meâ€™Shell_Ndegeocello,1993,http://open.spotify.com/track/1VUtTNkTTkFnlHZnkS8gEf
Sex,You_Can_Leave_Your_Hat_On,Randy_Newman,1972,http://open.spotify.com/track/6g15icndZ6ig2CtKcayHHx
Sex,Bizarre_Love_Triangle,New_Order,1986,http://open.spotify.com/track/3IZYwVzsjbyw4QxbDmR3Sf
Sex,Closer,Nine_Inch_Nails,1994,http://open.spotify.com/track/5mHiMTaFI51iB533K7qjzG
Sex,Warm_Leatherette,The_Normal,1978,http://open.spotify.com/track/6LNFfNZ5HL9lDQpB52eGOh
Sex,I_Want_My_Cock,Owen_and_Leon,1965,
Sex,Iâ€™m_Gonna_Love_You_Just_a_Little_More__Baby,Kellee_Patterson,1976,
Sex,Me_and_Mrs_Jones,Billy_Paul,1972,http://open.spotify.com/track/5GYcaVfaFBHe2gzA6Oybgj
Sex,Fuck_the_Pain_Away,Peaches,2000,http://open.spotify.com/track/1XHFob24QklIXtLRopKirJ
Sex,Gigantic,Pixies,1988,http://open.spotify.com/track/2WajMsuB3N7cv5SF12NJeX
Sex,Roxanne,The_Police,1978,http://open.spotify.com/track/4pe9XMdCpgblon0CrB9jtm
Sex,If_I_Was_Your_Girlfriend,Prince,1987,http://open.spotify.com/track/6K3bHdKpYnFsWf0TpoEm1E
Sex,Little_Red_Corvette,Prince,1983,http://open.spotify.com/track/5sjTUwMJeAzGSCmpYJzgd4
Sex,Darling_Nikki,Prince_and_the_Revolution,1984,http://open.spotify.com/track/7bBT7pJXCyH5i7Y3AaiUNW
Sex,Kiss,Prince_and_the_Revolution,1986,http://open.spotify.com/track/1XoOSVy4rHDyd6u8XbZ0s5
Sex,Baby_Wants_to_Ride,Jamie_Principle,1987,
Sex,Babies,Pulp,1992,http://open.spotify.com/track/2g958u66qASAxbzoO5Vva3
Sex,Do_You_Remember_the_FirstÂ Time?,Pulp,1994,http://open.spotify.com/track/3rhITD3Q7qlOMCebBTHL8N
Sex,Sheffield:_Sex_City,Pulp,1992,http://open.spotify.com/track/75DYVxFFKJ9sHiGlVB3vT9
Sex,(Love_Is_Like_a)_Heat_Wave,Martha_and_the_Vandellas,1963,http://open.spotify.com/track/1qCbiWAHRybIDOfdkzOK7e
Sex,Nude_Photo,Rhythim_Is_Rhythim,1987,
Sex,Inside_My_Love,Minnie_Riperton,1975,http://open.spotify.com/track/3oxLJ747VFQTlAdrVMpznH
Sex,Honky_Tonk_Women,The_Rolling_Stones,1969,http://open.spotify.com/track/0KoKNKBkQaAulzTJ5WLV6I
Sex,Letâ€™s_Spend_the_NightÂ Together,The_Rolling_Stones,1967,http://open.spotify.com/track/2Zko8gc25EbLJ7GCWAaB6E
Sex,Wet_Dream,Max_Romeo,1968,http://open.spotify.com/track/2vV6qYsr3GAtejs2hE1dV3
Sex,Love_Child,Diana_Ross_and_the_Supremes,1968,http://open.spotify.com/track/2OukOzuIXcJFz9apg4gSuM
Sex,In_Every_Dream_Home_aÂ Heartache,Roxy_Music,1973,http://open.spotify.com/track/3Wkho6tesTh4aF80T6evqH
Sex,Hold_On__Iâ€™m_Cominâ€™,Sam_and_Dave,1966,http://open.spotify.com/track/6PgVDY8GTkxF3GmhVGPzoB
Sex,Give_Him_a_Great_Big_Kiss,Shangri-Las,1965,http://open.spotify.com/track/5eByLONVak5rrPBnS29nWn
Sex,Some_Velvet_Morning,Nancy_Sinatra_and_Lee_Hazlewood,1967,http://open.spotify.com/track/2X89x2pEAeDgSIK3ag1jHU
Sex,Rene,Small_Faces,1968,
Sex,Reel_Around_the_Fountain,The_Smiths,1984,
Sex,Empty_Bed_Blues,Bessie_Smith,1928,http://open.spotify.com/track/3WJNDpUfN9RiWbVNSXteoD
Sex,Between_the_Bars,Elliott_Smith,1997,http://open.spotify.com/track/6UgmVIVyznBDdkpqkKyc1O
Sex,Wreck_a_Buddy,Soul_Sisters,1969,http://open.spotify.com/track/5y8N3Wr5bLv40PdFK3oC54
Sex,â€¦_Baby_One_More_Time,Britney_Spears,1998,http://open.spotify.com/track/52SrRaRC2SlJ2dno1flkg2
Sex,Iâ€™m_On_Fire,Bruce_Springsteen,1985,http://open.spotify.com/track/0BDQUifzYaoHojBcnqwH7U
Sex,Da_Ya_Think_Iâ€™m_Sexy,Rod_Stewart,1978,http://open.spotify.com/track/42GthmiW6mIvcyaJHdMk30
Sex,I_Wanna_Be_Your_Dog,The_Stooges,1969,http://open.spotify.com/track/6clhKRH03Y0FWMTW3R1pHq
Sex,Guilty,Barbra_Streisand_and_BarryÂ Gibb,1981,http://open.spotify.com/track/60mGckXEG1EzR4VmjYLfEW
Sex,Animal_Nitrate,Suede,1993,http://open.spotify.com/track/5MQ5IbHbvjVvbKGXuwpu0b
Sex,The_Drowners,Suede,1992,http://open.spotify.com/track/05eSuaEKkmlvf0svK1QW1v
Sex,Love_to_Love_You_Baby,Donna_Summer,1975,http://open.spotify.com/track/3XlWYam3ILQ9txcjjjJixQ
Sex,Wild_Thing,Tone_Loc,1989,http://open.spotify.com/track/14xYQ6TjnKfEeAGl4C38oq
Sex,Get_It_On,T_Rex,1971,http://open.spotify.com/track/53sjKpBzCxzmkQIaB0Sbq3
Sex,Wild_Thing,The_Troggs,1966,http://open.spotify.com/track/12PKavTaqOLlyC7tRWO4dw
Sex,Red_Light_Special,TLC,1994,http://open.spotify.com/track/2p4kivh3HWz9TiyIuFuzlY
Sex,Shake__Rattle_and_Roll,Big_Joe_Turner,1954,http://open.spotify.com/track/7aLoa1F3EoM8AeC6Ao1RKz
Sex,Oops_(Oh_My),Tweet,2002,
Sex,Desire,U2,1988,http://open.spotify.com/track/3caWBz55YTpETVOJvHBI6C
Sex,Turning_Japanese,The_Vapors,1980,http://open.spotify.com/track/30cHDhxUqgnHq78hv5UjMx
Sex,Venus_in_Furs,The_Velvet_Underground,1967,http://open.spotify.com/track/3BS0Y8iDtIK5SDvXpxUN17
Sex,Pictures_of_Lily,The_Who,1967,http://open.spotify.com/track/7mUd2EEqieY6tcAdEzzuWs
Politics_and_protest,Me_and_Giuliani_Down_By_the_Schoolyard_(A_True_Story),!!!,2003,
Politics_and_protest,Another_World,Antony_and_the_Johnsons,2008,http://open.spotify.com/track/4ys9lQG6FGs7ikCGtRCSDt
Politics_and_protest,Windowsill,Arcade_Fire,2007,http://open.spotify.com/track/4qkqZdYBTa5B5f6ppIXu37
Politics_and_protest,(What_Did_I_Do_To_Be_So)_Black_And_Blue,Louis_Armstrong,1929,http://open.spotify.com/track/7ogRU94YDmyoE1MkMbrddk
Politics_and_protest,Stand_Up_for_Judas,Roy_Bailey,1979,
Politics_and_protest,A_Day_in_the_Life_of_a_Tree,The_Beach_Boys,1971,http://open.spotify.com/track/69PvvnBElTbIFHVt9ue58Q
Politics_and_protest,I_Was_Born_This_Way,Carl_Bean,1977,
Politics_and_protest,Stand_Down_Margaret,The_Beat,1980,http://open.spotify.com/track/3Yhr8WrFPnwBFwxhFLUwzh
Politics_and_protest,I_Am_the_Walrus,The_Beatles,1967,
Politics_and_protest,Revolution,The_Beatles,1968,
Politics_and_protest,War_Pigs,Black_Sabbath,1971,http://open.spotify.com/track/1V0mETNS6mfKRtihAMTtxy
Politics_and_protest,Melting_Point,Blue_Mink,1969,
Politics_and_protest,Cop_Killer,Body_Count,1992,
Politics_and_protest,And_the_Band_Played_Waltzing_Matilda,Eric_Bogle,1971,http://open.spotify.com/track/2bcpK9QU6cJW5PlEVQfBd5
Politics_and_protest,Stop_the_Violence,Boogie_Down_Productions,1988,
Politics_and_protest,When_the_President_Talks_to_God,Bright_Eyes,2005,http://open.spotify.com/track/1ScpEIsS1pVNXWafHc3tat
Politics_and_protest,Smalltown_Boy,Bronski_Beat,1984,http://open.spotify.com/track/1nz1xzqPN4xYZtR4zgiLxt
Politics_and_protest,Between_the_Wars,Billy_Bragg,1985,
Politics_and_protest,Say_It_Loud_â€“_Iâ€™m_Black_and_Iâ€™m_Proud,James_Brown,1968,http://open.spotify.com/track/6SP5GXlyb0yiCCMODUjeFb
Politics_and_protest,Slavery_Days,Burning_Spear,1975,http://open.spotify.com/track/1YiCnD7YmmCXWLregZmdoM
Politics_and_protest,Army_Dreamers,Kate_Bush,1980,http://open.spotify.com/track/2duFyIqY9RHzOMruitwPkq
Politics_and_protest,The_Sun_Is_Burning,Ian_Campbell_Folk_Group,1964,
Politics_and_protest,Company_Policy,Martin_Carthy,1988,
Politics_and_protest,Raininâ€™_in_Paradize,Manu_Chao,2007,http://open.spotify.com/track/66gj35rWhKtwzTt4603exF
Politics_and_protest,Straight_to_Hell,The_Clash,1982,http://open.spotify.com/track/7mjrA5T6KQ4sb0qSgUu5nJ
Politics_and_protest,White_Riot,The_Clash,1977,http://open.spotify.com/track/40t0GuTTYhobrOijf3PfEP
Politics_and_protest,Running_the_World,Jarvis_Cocker,2006,http://open.spotify.com/track/3vHqlBYlLgog7dOJn8K0Tu
Politics_and_protest,Alabama,John_Coltrane,1963,http://open.spotify.com/track/3uY3z9cO4sR256VTPpe4Kk
Politics_and_protest,A_Change_Is_Gonna_Come,Sam_Cooke,1964,http://open.spotify.com/track/7aXPwuC5qjhT0ddjHqe64o
Politics_and_protest,All_the_Blowing-Themselves-Up_Motherfuckers_(Will_Realise_the_Minute_They_Die_That_They_Were_Suckers),Julian_Cope,2008,
Politics_and_protest,Tramp_the_Dirt_Down,Elvis_Costello,1989,http://open.spotify.com/track/2pvGHaskdT2ZrKlXCVr03g
Politics_and_protest,Brother_Can_You_Spare_a_Dime?,Bing_Crosby,1932,http://open.spotify.com/track/2Ei1sEtJU0ENRvk3sKZx0X
Politics_and_protest,Ohio,Crosby__Stills__Nash_and_Young,1970,http://open.spotify.com/track/0eFqH9smOTiNNecXMpFIi2
Politics_and_protest,Thou_Shalt_Always_Kill,Dan_Le_Sac_vs_Scroobius_Pip,2007,http://open.spotify.com/track/2dG4zJhjTK9BkcQQTM9A57
Politics_and_protest,California_Ãœber_Alles,Dead_Kennedys,1979,http://open.spotify.com/track/5szJ8SMwQVEvvdk65w6M6g
Politics_and_protest,16_Military_Wives,The_Decemberists,2005,http://open.spotify.com/track/5apLxy6Ko3gkOw8YtavIoe
Politics_and_protest,Television:_The_Drug_of_theÂ Nation,The_Disposable_Heroes_of_Hiphoprisy,1991,http://open.spotify.com/track/4ktMrTwZD42cZThzZlHcgT
Politics_and_protest,Not_Ready_to_Make_Nice,Dixie_Chicks,2006,http://open.spotify.com/track/65SgC0WRidtEYjWp4wwBDs
Politics_and_protest,Hurricane,Bob_Dylan,1975,http://open.spotify.com/track/6ZRnk0vJtbgbReepK6m469
Politics_and_protest,Maggieâ€™s_Farm,Bob_Dylan,1965,http://open.spotify.com/track/594Kh8VcfpZgFqeWrtlNnP
Politics_and_protest,Masters_of_War,Bob_Dylan,1963,http://open.spotify.com/track/56inmm09BxbQvjZfSexaSM
Politics_and_protest,The_Times_They_Are_a-Changinâ€™,Bob_Dylan,1964,http://open.spotify.com/track/2zlP1bRIxUiEjApkELiGYd
Politics_and_protest,When_the_Ship_Comes_In,Bob_Dylan,1964,http://open.spotify.com/track/0ILmjZkTZsPKjsZaEPmatw
Politics_and_protest,John_Walkerâ€™s_Blues,Steve_Earle,2002,
Politics_and_protest,Role_Model,Eminem,1999,http://open.spotify.com/track/3mUVtVZZJXmjZTUBvfQ4ik
Politics_and_protest,We_Care_a_Lot,Faith_No_More,1985,http://open.spotify.com/track/2bg3JPk02VNXWxEnrWHbSL
Politics_and_protest,Two_Tribes,Frankie_Goes_To_Hollywood,1984,
Politics_and_protest,Respect,Aretha_Franklin,1967,http://open.spotify.com/track/3OYh9wHWqWD6bpmO3WQNlM
Politics_and_protest,I_Fought_the_Law,Bobby_Fuller_Four,1965,http://open.spotify.com/track/6Um3XCAxl9YfFmAnGl93xc
Politics_and_protest,VÃ­ctor_Jara_of_Chile,Dick_Gaughan,1985,
Politics_and_protest,Mercy_Mercy_Me_(The_Ecology),Marvin_Gaye,1971,http://open.spotify.com/track/72rvx9ydiRGPjvE9Hy1Fi5
Politics_and_protest,Whatâ€™s_Going_On?,Marvin_Gaye,1971,http://open.spotify.com/track/42PyxnviKRfOa8z39g8aZj
Politics_and_protest,The_Message,Grandmaster_Flash_and_the_Furious_Five,1982,http://open.spotify.com/track/5DuTNKFEjJIySAyJH1yNDU
Politics_and_protest,Just_Say_No,Cast_of_Grange_Hill,1986,
Politics_and_protest,American_Idiot,Green_Day,2004,http://open.spotify.com/track/6nTiIhLmQ3FWhvrGafw2zj
Politics_and_protest,This_Land_Is_Your_Land,Woody_Guthrie,1944,http://open.spotify.com/track/7CNaYAdLyi86kofGafReiT
Politics_and_protest,Okie_from_Muskogee,Merle_Haggard,1969,http://open.spotify.com/track/1BlR9w48cl5fBtebabidTM
Politics_and_protest,On_the_Blanket,Mick_Hanly_with_Christy_Moore,1980,
Politics_and_protest,19,Paul_Hardcastle,1985,http://open.spotify.com/track/1xZchmfxPkalmqr9i0E138
Politics_and_protest,The_Star-Spangled_Banner,Jimi_Hendrix,1969,http://open.spotify.com/track/5l3d4azo71WotmWhRc1zqM
Politics_and_protest,(We_Donâ€™t_Need)_This_FascistÂ Groove_Thang,Heaven_17,1981,http://open.spotify.com/track/05cKish3faAXVGK3B4wcwl
Politics_and_protest,Strange_Fruit,Billie_Holliday,1939,http://open.spotify.com/track/67q3zVsJsPRks4k0eomEWy
Politics_and_protest,Check_Out_Your_Mind,The_Impressions,1970,http://open.spotify.com/track/112ofK4eq7gS0gRqNNxQMM
Politics_and_protest,People_Get_Ready,The_Impressions,1965,http://open.spotify.com/track/1MlXd4giftxXZgeMItb3PQ
Politics_and_protest,The_Eton_Rifles,The_Jam,1979,http://open.spotify.com/track/3Q1p4GBjyj6n54oFBCicwB
Politics_and_protest,Going_Underground,The_Jam,1980,http://open.spotify.com/track/0hhikHUpfUlMBRD2gSf0mu
Politics_and_protest,The_â€œFishâ€_Cheer/I-Feel-Like-Iâ€™m-Fixinâ€™-to-Die_Rag,Country_Joe_and_the_Fish,1967,
Politics_and_protest,The_Village_Green_Preservation_Society,The_Kinks,1968,
Politics_and_protest,Zombie,Fela_Kuti,1977,http://open.spotify.com/track/0tOqZJsRP90T91Jx4pzAjB
Politics_and_protest,The_Proud,Talib_Kweli,2002,http://open.spotify.com/track/5TrG4AXuPoVnw7QQnira5J
Politics_and_protest,The_Bourgeois_Blues,Leadbelly,1938,http://open.spotify.com/track/4gMvW0NSjknhTQOsIIFIkQ
Politics_and_protest,Give_Peace_a_Chance,John_Lennon,1969,
Politics_and_protest,The_Ballad_of_Sharpeville,Ewan_MacColl,1960,
Politics_and_protest,Eve_of_Destruction,Barry_McGuire,1965,http://open.spotify.com/track/56PQfk2z3WaHJFTaz17kBo
Politics_and_protest,Material_Girl,Madonna,1985,http://open.spotify.com/track/37HSCAcjOpQ31XRoeMCa60
Politics_and_protest,Suicide_Is_Painless_(Theme_from_M*A*S*H),Johnny_Mandel,1970,
Politics_and_protest,Redemption_Song,Bob_Marley,1980,http://open.spotify.com/track/0RiNfhn21ykBakicd7igLK
Politics_and_protest,Zimbabwe,Bob_Marley_and_the_Wailers,1979,http://open.spotify.com/track/3saDCpULymKQcyY8Ia0ULi
Politics_and_protest,Kick_Out_the_Jams,MC5,1968,http://open.spotify.com/track/3MVHpVZrmLyxvWFeN9fooF
Politics_and_protest,Big_Yellow_Taxi,Joni_Mitchell,1970,http://open.spotify.com/track/3DYrWKfm5gYCqXyH608Lmd
Politics_and_protest,Trouble_Every_Day,The_Mothers_of_Invention,1966,
Politics_and_protest,Police_and_Thieves,Junior_Murvin,1976,http://open.spotify.com/track/3cnvTMZRhkbzea0KC4Y4We
Politics_and_protest,Short_People,Randy_Newman,1977,http://open.spotify.com/track/6emIUUgOV0lPgUYbJ1RZ7I
Politics_and_protest,Fuck_tha_Police,NWA,1988,http://open.spotify.com/track/5Fdj7YRwgfP6HcIK0e8NP1
Politics_and_protest,I_Ainâ€™t_Marching_Anymore,Phil_Ochs,1965,http://open.spotify.com/track/1IA8LarhcLMkwsI7wP0QQl
Politics_and_protest,Monkey_Gone_to_Heaven,Pixies,1989,http://open.spotify.com/track/2VX2QRAGKPyqMZU8cFZ3Ib
Politics_and_protest,Streets_of_Sorrow/Birmingham_Six,The_Pogues,1988,http://open.spotify.com/track/2k4Gltjyhvfe9yCHN99tyD
Politics_and_protest,In_the_Ghetto,Elvis_Presley,1969,http://open.spotify.com/track/7na7MmpePvl0nErQIQteBG
Politics_and_protest,Come_Together,Primal_Scream,1990,http://open.spotify.com/track/47VwP5BLMrkHLNX7Dx4f8L
Politics_and_protest,Sign_oâ€™_the_Times,Prince,1987,http://open.spotify.com/track/4Yenz5JZZOUiZSeyKY8bDz
Politics_and_protest,Sam_Stone,John_Prine,1971,
Politics_and_protest,Bring_the_Noise,Public_Enemy,1987,http://open.spotify.com/track/7Lc8L0BZVmxKT57OhQQesA
Politics_and_protest,Fight_the_Power,Public_Enemy,1989,http://open.spotify.com/track/3WsrkrLMD8vWmz5RyD6n9e
Politics_and_protest,Killing_in_the_Name,Rage_Against_the_Machine,1992,http://open.spotify.com/track/2bzT8XRcAaQ3IZdrT6RogY
Politics_and_protest,How_Can_a_Poor_Man_Stand_Such_Times_and_Live?,Blind_Alfred_Reed,1929,http://open.spotify.com/track/0kKl93KcM7R4qtU7wp4ake
Politics_and_protest,Fall_On_Me_,REM,1986,http://open.spotify.com/track/3HiNG3o66L2FbsM8Y7Sg6D
Politics_and_protest,Glad_to_Be_Gay,Tom_Robinson,1978,http://open.spotify.com/track/15mRglwFDmZEF5D0HfsiaQ
Politics_and_protest,Street_Fighting_Man,The_Rolling_Stones,1968,http://open.spotify.com/track/7eZ2NUG1G7SKssQqt4uRcy
Politics_and_protest,Iâ€™m_Coming_Out,Diana_Ross,1980,http://open.spotify.com/track/0ew27xRdxSexrWbODuLfeE
Politics_and_protest,Now_That_The_Buffalo's_Gone,Buffy_Sainte-Marie,1964,http://open.spotify.com/track/6yacBc7zjbSG2ebrwtLhtJ
Politics_and_protest,Days_of_Fire,Nitin_Sawhney,2008,
Politics_and_protest,Whitey_On_the_Moon,Gil_Scott-Heron,1970,http://open.spotify.com/track/0Ko176OJTtK3ubUtzdXINI
Politics_and_protest,We_Shall_Overcome,Pete_Seeger,1963,http://open.spotify.com/track/4LLjj2lFgaSWsHw7uWDqDj
Politics_and_protest,Iâ€™m_Gonna_Be_an_Engineer,Peggy_Seeger,1973,http://open.spotify.com/track/1bXhsrCeznTkbigKIqVIQq
Politics_and_protest,Anarchy_in_the_UK,Sex_Pistols,1976,http://open.spotify.com/track/7KwdlMKVUyMsyrL523djBl
Politics_and_protest,God_Save_the_Queen,Sex_Pistols,1977,http://open.spotify.com/track/7mkLlx81e3LaCrPVZYOBCT
Politics_and_protest,If_the_Kids_Are_United,Sham_69,1977,http://open.spotify.com/track/2ZybCRD7fboSUv7HkXyjuN
Politics_and_protest,The_Internationale,Sheffield_Socialist_Choir,1992,
Politics_and_protest,To_Be_Young__Gifted_and_Black,Nina_Simone,1970,http://open.spotify.com/track/3btkTbTgRXJjVSwSC3RHZe
Politics_and_protest,Donâ€™t_Call_Me_Nigger__Whitey,Sly_and_the_Family_Stone,1969,http://open.spotify.com/track/2go5vzzDZP7KBrjQXK4KLr
Politics_and_protest,Swimsuit_Issue,Sonic_Youth,1992,http://open.spotify.com/track/0imXml1hX6wo9xGfCV6n8M
Politics_and_protest,Revolution,Spacemen_3,1989,
Politics_and_protest,Ghost_Town,The_Specials,1981,http://open.spotify.com/track/7iOA86nwA7RF3GwMa93H0v
Politics_and_protest,Free_Nelson_Mandela,The_Special_AKA,1984,http://open.spotify.com/track/57mY4qUaUegA3jvoyoz7oT
Politics_and_protest,American_Skin_(41_Shots),Bruce_Springsteen_and_the_E_Street_Band,2000,http://open.spotify.com/track/541WSNfHqYIzq61XXWQJJl
Politics_and_protest,Born_in_the_USA,Bruce_Springsteen,1984,http://open.spotify.com/track/36b2xkXNJKRCWeUrsC3jyQ
Politics_and_protest,War,Edwin_Starr,1970,http://open.spotify.com/track/0cs3dkKsYJwdauvRRJaCOm
Politics_and_protest,Monster,Steppenwolf,1969,http://open.spotify.com/track/5gN9AKEIJgccrIBBMCKs68
Politics_and_protest,Suspect_Device,Stiff_Little_Fingers,1978,http://open.spotify.com/track/7Ig7b1MJJKbNyTxLU6u9rZ
Politics_and_protest,The_Man_Donâ€™t_Give_a_Fuck,Super_Furry_Animals,1996,http://open.spotify.com/track/00QZGqUswem6nUiqAKs6Po
Politics_and_protest,Long_Walk_to_DC,The_Staple_Singers,1968,http://open.spotify.com/track/7yDbI673oElwJy891HuBHZ
Politics_and_protest,Peace_Train,Cat_Stevens,1971,http://open.spotify.com/track/0kPj8oXqC8iz8AYJc3UUka
Politics_and_protest,The_Killing_of_Georgie_(Part_I_and_II),Rod_Stewart,1976,http://open.spotify.com/track/1VcmUcqIu77SOnRjAvbFTc
Politics_and_protest,BYOB,System_Of_A_Down,2005,http://open.spotify.com/track/5b5R8oiVflR4vW9sFc8q3W
Politics_and_protest,Dadâ€™s_Gonna_Kill_Me,Richard_Thompson,2007,http://open.spotify.com/track/65fzTuQr4DhjQATlRq0u8Q
NA,,,NA,
Politics_and_protest,Legalize_It,Peter_Tosh,1976,http://open.spotify.com/track/3j4f5c97RD6GxVeUySXyUd
Politics_and_protest,Keep_Ya_Head_Up,Tupac,1993,http://open.spotify.com/track/73hn54pVkteT7E2CrdAlvU
Politics_and_protest,Sunday_Bloody_Sunday,U2,1983,http://open.spotify.com/track/7JLEWweiny60arxyKTKIwl
Politics_and_protest,We_Are_the_World,USA_for_Africa,1985,
Politics_and_protest,Get_Up__Stand_Up,The_Wailers,1973,http://open.spotify.com/track/4xAMYRrgL5JaaR57g2cPrS
Politics_and_protest,The_Day_After_Tomorrow,Tom_Waits,2004,http://open.spotify.com/track/6ipRDQPnSMst9V3wVQjVGg
Politics_and_protest,The_Old_Manâ€™s_Back_Again_(Dedicated_to_the_Neo-Stalinist_Regime),Scott_Walker,1969,http://open.spotify.com/track/23LS90srRC3n86OWgUBUQx
Politics_and_protest,Wham_Rap!_(Enjoy_What_You_Do),Wham!,1982,http://open.spotify.com/track/0kA7p1R4Cx6CMpUG4tPKfI
Politics_and_protest,My_Generation,The_Who,1965,http://open.spotify.com/track/4kxrawSkeAoJiASQArwqYO
Politics_and_protest,You_Havenâ€™t_Done_Nothinâ€™,Stevie_Wonder,1974,http://open.spotify.com/track/6iNsJeA9xAbfiGAOzsI93H
Politics_and_protest,The_Cottagerâ€™s_Reply,Chris_Wood,2008,
Politics_and_protest,Asbestos_Lead_Asbestos,World_Domination_Enterprises,1985,
Politics_and_protest,Shipbuilding,Robert_Wyatt,1982,
Politics_and_protest,Harrowdown_Hill,Thom_Yorke,2006,http://open.spotify.com/track/2C3xIudHEjCIS5KT4JuM0b
Politics_and_protest,Rockinâ€™_in_the_Free_World,Neil_Young,1989,http://open.spotify.com/track/66DoazlvE7LmUT47pfLQam
Politics_and_protest,Southern_Man,Neil_Young,1970,http://open.spotify.com/track/1JqNtFOi0K8xUpfeNHMPJz
Life_and_death,Satta_Massagana,Abyssinians,1971,http://open.spotify.com/track/27adNyPtau6RYDGsUbXEo4
Life_and_death,Dream_On,Aerosmith,1973,http://open.spotify.com/track/2WZbjDTXP78H9xq58cnSWF
Life_and_death,Fluorescent_Adolescent,Arctic_Monkeys,2007,http://open.spotify.com/track/1ng9LjmY5V6Wzk9HJqB9FI
Life_and_death,St_James_Infirmary_Blues,Louis_Armstrong,1928,http://open.spotify.com/track/7J76OkHtp3A7ufswzoXdT1
Life_and_death,What_a_Wonderful_World,Louis_Armstrong,1968,http://open.spotify.com/track/2ZeRwblv2s82MQKvLoEzeV
Life_and_death,In_My_Room,The_Beach_Boys,1963,http://open.spotify.com/track/0sL9QSjcOMNdU829l7pNb0
Life_and_death,Yer_Blues,The_Beatles,1968,
Life_and_death,Yesterday,The_Beatles,1965,
Life_and_death,Chris_Bell,Look_Up,1974,
Life_and_death,Paranoid,Black_Sabbath,1970,http://open.spotify.com/track/7eWOuDHQOa6lNLLtQSMIdN
Life_and_death,Happiness,The_Blue_Nile,1996,http://open.spotify.com/track/4QNFOoqcwSW0gH9JURiPnV
Life_and_death,Blue_Ã–yster_Cult,(Donâ€™t_Fear)_The_Reaper,1976,http://open.spotify.com/track/2NL4BBBSgypHnxUKmQdYcT
Life_and_death,This_Is_a_Low,Blur,1994,http://open.spotify.com/track/1aQZJlD0KtNgZBkC74mTkd
Life_and_death,Kooks,David_Bowie,1971,http://open.spotify.com/track/4t1XVKQQxxutKSQxBU1ajq
Life_and_death,Never_Get_Old,David_Bowie,2003,
Life_and_death,Bertie,Kate_Bush,2005,http://open.spotify.com/track/1DoPTuunqTabblM4DTXBUT
Life_and_death,Goinâ€™_Back,The_Byrds,1968,http://open.spotify.com/track/27sI9GC4xswPEHxBDZU7lZ
Life_and_death,Work,John_Cale_and_Lou_Reed,1990,
Life_and_death,Will_the_Circle_Be_Unbroken_(By_and_By),The_Carter_Family,1935,
Life_and_death,The_Mercy_Seat,Nick_Cave_and_the_BadÂ Seeds,1988,http://open.spotify.com/track/7i4motUtsM4VFIH5XEPJRR
Life_and_death,Iâ€™m_On_My_Way_to_a_BetterÂ Place,Chairmen_of_the_Board,1972,
Life_and_death,Cher,If_I_Could_Turn_Back_Time,1989,http://open.spotify.com/track/0A8HK5hV5SgywiKKrBPKDU
Life_and_death,Câ€™mon_Everybody,Eddie_Cochran,1958,http://open.spotify.com/track/1q2JUOBJqs0ezWvf0Rkm4f
Life_and_death,My_Favorite_Things,John_Coltrane_Quartet,1961,http://open.spotify.com/track/5bKWHp2AY6aMtYMBVBL21F
Life_and_death,Schoolâ€™s_Out,Alice_Cooper,1972,http://open.spotify.com/track/1ad6vKBg5pzyM9oCQ0M9Fg
Life_and_death,Fisherman,The_Congos,1977,http://open.spotify.com/track/00m6N23ZTNEtsg65N1WcDV
Life_and_death,My_Three_Sons,Elvis_Costello_and_the_Imposters,2008,http://open.spotify.com/track/42dcvzRNIHgvWpKhjyTOlL
Life_and_death,Annie__Iâ€™m_Not_Your_Daddy,Kid_Creole_and_the_Coconuts,1982,http://open.spotify.com/track/5paJLghWSGmEf6sY7LeYel
Life_and_death,King_Creosote,My_Favourite_Girl,2005,http://open.spotify.com/track/4oBGNxAAZzpPh1FiA6BPxj
Life_and_death,Thatâ€™ll_Be_the_Day,The_Crickets,1957,http://open.spotify.com/track/1EsziXsEVchm2bueFMIzax
Life_and_death,Killing_an_Arab,The_Cure,1978,http://open.spotify.com/track/4kE10gVBAweSufT8XOcdWv
Life_and_death,Personal_Jesus,Depeche_Mode,1989,http://open.spotify.com/track/70CZdyut5PuhQWgf1lkGXX
Life_and_death,Fat_As_a_Fiddle,Chris_Difford,2008,
Life_and_death,Teen_Angel,Mark_Dinning,1959,
Life_and_death,Sunshine_Superman,Donovan,1966,http://open.spotify.com/track/6HPxuDcDYHPAfyxIm796Cd
Life_and_death,Working_in_a_Coal_Mine,Lee_Dorsey,1966,http://open.spotify.com/track/5GR1Jj5ahZtoR6WqyM5LP4
Life_and_death,Black_Eyed_Dog,Nick_Drake,1986,http://open.spotify.com/track/5QU5nNPIPvNS0NtWLNfcuO
Life_and_death,Not_On_Top,Herman_DÃ¼ne,2005,
Life_and_death,Death_Is_Not_the_End,Bob_Dylan,1988,
Life_and_death,Every_Grain_of_Sand,Bob_Dylan,1981,
Life_and_death,Forever_Young,Bob_Dylan,1974,http://open.spotify.com/track/1xOqdmOQsvP0dwZL5d46WA
Life_and_death,Knockinâ€™_On_Heavenâ€™s_Door,Bob_Dylan,1973,http://open.spotify.com/track/0BemTX3XUeTyL8UgICqjkj
Life_and_death,The_Lonesome_Death_of_Hattie_Carroll,Bob_Dylan,1964,
Life_and_death,Lonelier_Than_This,Steve_Earle,2000,
Life_and_death,Ebony_Eyes,The_Everly_Brothers,1961,http://open.spotify.com/track/4eZfC3Dda1SNsNAgMxoKXN
Life_and_death,Summertime,Ella_Fitzgerald,1959,http://open.spotify.com/track/6igoGVFPInRBwkf4YawNRu
Life_and_death,Regulate,Warren_G_and_Nate_Dogg,1994,http://open.spotify.com/track/5EEOjaJyWvfMglmEwf9bG3
Life_and_death,Save_the_Children,Marvin_Gaye,1971,http://open.spotify.com/track/5k2Q94JSvf3gpYIibSz8I4
Life_and_death,Glory_Hallelujah__How_Theyâ€™llÂ Sing,Bobbie_Gentry,1969,
Life_and_death,Mind_Playing_Tricks_On_Me,Geto_Boys,1991,
Life_and_death,So_Nice_(Summer_Samba),Astrud_Gilberto,1966,http://open.spotify.com/track/155rAbTUh7q24pynaJsQLu
Life_and_death,Tired_of_Being_Alone,Al_Green,1971,
Life_and_death,Spirit_in_the_Sky,Norman_Greenbaum,1969,
Life_and_death,Workinâ€™_Manâ€™s_Blues,Merle_Haggard,1969,http://open.spotify.com/track/5TJ2aQyvZIexiWunUdKxka
Life_and_death,All_Things_Must_Pass,George_Harrison,1970,
Life_and_death,I_Hear_Voices,Screaminâ€™_Jay_Hawkins,1962,http://open.spotify.com/track/5kM2F1fbpN9wPhYhVOPDTv
Life_and_death,Hey_Joe,The_Jimi_Hendrix_Experience,1966,http://open.spotify.com/track/4wCeZzV2w2s7QwNRZQRDhU
Life_and_death,Stuck_Between_Stations,The_Hold_Steady,2006,http://open.spotify.com/track/4wp6Zi8ugh2aso4J3XnXln
Life_and_death,Gloomy_Sunday,Billie_Holiday,1941,http://open.spotify.com/track/3kksPdaT31d5IcoP6GPu5I
Life_and_death,These_Important_Years,HÃ¼sker_DÃ¼,1987,http://open.spotify.com/track/3a70lhNaUyjEFp8LKlMpxU
Life_and_death,Dead_Homiez,Ice_Cube,1990,http://open.spotify.com/track/69lcL9wMsC5TX0gtSZxX8h
Life_and_death,Good_Life,Inner_City,1988,http://open.spotify.com/track/5sJiLlgQKBL81QCTOkoLB5
Life_and_death,Iron_Maiden,The_Number_of_the_Beast,1982,http://open.spotify.com/track/7gs3FWszkPUxBogi7oyt1y
Life_and_death,Seasons_in_the_Sun,Terry_Jacks,1974,
Life_and_death,Bert_Jansch,Needle_of_Death,1965,http://open.spotify.com/track/2Er04cz8zf7sjBd2e3v54g
Life_and_death,Gun_Shot,Anthony_Johnson,1982,http://open.spotify.com/track/2H6mTlLxYjy4rMh2Rblvs5
Life_and_death,Losing_My_Edge,LCD_Soundsystem,2002,http://open.spotify.com/track/57QpgJA1yNN5DyhYaN4x4p
Life_and_death,Someone_Great,LCD_Soundsystem,2007,http://open.spotify.com/track/2VGDntFPvgvqSiUf9ITEfW
Life_and_death,Gallows_Pole,Led_Zeppelin,1970,
Life_and_death,God,John_Lennon,1970,
Life_and_death,Here_I_Come,Barrington_Levy,1985,http://open.spotify.com/track/4oKntjpTrsvHoQSCv6SxPV
Life_and_death,Knoxville_Girl,The_Louvin_Brothers,1959,http://open.spotify.com/track/4MEyZH8XHQUd0vieDbOa6O
Life_and_death,Alone_Again_Or,Love,1967,http://open.spotify.com/track/6hXHOrhKW9dgQt35Mc5dCb
Life_and_death,Madness,Baggy_Trousers,1980,
Life_and_death,La_Tristesse_Durera_(ScreamÂ to_a_Sigh),Manic_Street_Preachers,1993,http://open.spotify.com/track/0OqifMNuR0aWjFoQThlVAZ
Life_and_death,May_You_Never,John_Martyn,1973,http://open.spotify.com/track/47qIZIE8m5zcjmpJL7DSS9
Life_and_death,Safe_from_Harm,Massive_Attack,1991,http://open.spotify.com/track/0Nj4Fadx3sCE0QtBvHKDhM
Life_and_death,Fade_to_Black,Metallica,1984,
Life_and_death,Lifeâ€™s_a_Bitch,Nas,1994,http://open.spotify.com/track/6s9Nl0vMsUhdYO1fbmrGQO
Life_and_death,Feel_It_(In_the_Air_Tonight),Naturally_7,2006,http://open.spotify.com/track/5tr7iRvlbeXhJxCsYpleIb
Life_and_death,Godâ€™s_Song_(Thatâ€™s_Why_I_LoveÂ Mankind),Randy_Newman,1972,http://open.spotify.com/track/0gvmUlKbABaYKEtOV40aA8
Life_and_death,Lithium,Nirvana,1991,http://open.spotify.com/track/2DrEeo4eMULdAVe1U7P9PB
Life_and_death,Mo_Money_Mo_Problems,The_Notorious_BIG,1997,http://open.spotify.com/track/2XncSBceg7BwEpbWVI6FLi
Life_and_death,Suicidal_Thoughts,The_Notorious_BIG,1994,http://open.spotify.com/track/5k8VqtBhkbAYakV5ZEFYNo
Life_and_death,Alone_Again_(Naturally),Gilbert_Oâ€™Sullivan,1972,
Life_and_death,Oasis,Live_Forever,1994,
Life_and_death,Satan,Orbital,1991,
Life_and_death,Ms_Jackson,OutKast,2000,http://open.spotify.com/track/7KAERELHmBqhdmVJHcgSrb
Life_and_death,9_to_5,Dolly_Parton,1980,http://open.spotify.com/track/5UWYJWoVXRpaLuzzXmHqg8
Life_and_death,Another_Brick_in_the_Wall__Part_II,Pink_Floyd,1979,
Life_and_death,Message_in_a_Bottle,The_Police,1979,http://open.spotify.com/track/33MxZySx17wtJmXUeQwrdG
Life_and_death,Glory_Box,Portishead,1994,http://open.spotify.com/track/1kP7mnqqSsCxmIqHnr2m20
Life_and_death,Sour_Times,Portishead,1994,http://open.spotify.com/track/0vKW55N3nrlWCD4U3YTwaH
Life_and_death,Stagger_Lee,Lloyd_Price,1958,http://open.spotify.com/track/3CrbWMJbTlI9T4pB7p5J35
Life_and_death,Paranoid_Android,Radiohead,1997,http://open.spotify.com/track/2EuMREhmnIPQFaqXUH5yPu
Life_and_death,(Sittinâ€™_On)_The_Dock_of_the_Bay,Otis_Redding,1968,http://open.spotify.com/track/0y8h1AJzI4y7UxzX5xdVpo
Life_and_death,Paint_it_Black,The_Rolling_Stones,1966,http://open.spotify.com/track/29njOUf53Vc91WEeya44vO
Life_and_death,I_Seen_a_Man_Die,Scarface,1994,
Life_and_death,Me_and_Julio_Down_By_the_Schoolyard,Paul_Simon,1972,http://open.spotify.com/track/1XU3s83WnD0EZh6KZHNLEX
Life_and_death,Feeling_Good,Nina_Simone,1965,http://open.spotify.com/track/0XaVWd4MhlnxT6uUpFV501
Life_and_death,It_Was_a_Very_Good_Year,Frank_Sinatra,1965,http://open.spotify.com/track/5lDcHK1FUDAQnMrvMGsGvA
Life_and_death,Piss_Factory,Patti_Smith,1974,http://open.spotify.com/track/4jue8yd6Ct7191KkADXyzO
Life_and_death,Dress_Sexy_at_My_Funeral,Smog,2000,
Life_and_death,100%,Sonic_Youth,1992,http://open.spotify.com/track/22FuG2QEbazTAzzSBOULk4
Life_and_death,No_Surrender,Bruce_Springsteen,1984,http://open.spotify.com/track/5eMjyo7t0lAl5PobsAqSe2
Life_and_death,O_Death,Ralph_Stanley,2000,
Life_and_death,Once_in_a_Lifetime,Talking_Heads,1980,http://open.spotify.com/track/7CIYGsVYYqUyNnwmU2bc32
Life_and_death,Psycho_Killer,Talking_Heads,1977,http://open.spotify.com/track/1F9RobwaMi1mimBs0hW3kB
Life_and_death,This_Is_the_Day,The_The,1983,http://open.spotify.com/track/5O7RVmqK3AYoFfyeafxOqH
Life_and_death,Wish_Someone_Would_Care,Irma_Thomas,1964,http://open.spotify.com/track/4gyA9RzfJvZRw7YDDPJRZO
Life_and_death,The_End_of_the_Rainbow,Richard_and_Linda_Thompson,1974,http://open.spotify.com/track/4A1SdZ4anubLlSu1NRtQuZ
Life_and_death,I_Ainâ€™t_Mad_at_Cha,Tupac,1996,http://open.spotify.com/track/5IruGb6BKWcB7hpPnj4YQO
Life_and_death,Hail_Mary,Tupac_-_as_Makaveli,1997,http://open.spotify.com/track/2jNlqJV2GnmKosuuvJS8RY
Life_and_death,Exit,U2,1987,http://open.spotify.com/track/7EyUsCwlxmxIib6CWWSo76
Life_and_death,One,U2,1992,http://open.spotify.com/track/4lnFwlk4m7hhFHCWmMbLqW
Life_and_death,Walk_Like_a_Man,Frankie_Valli_and_the_Four_Seasons,1963,http://open.spotify.com/track/3ebFVCEIcB3zW9RbnHk28D
Life_and_death,Jesus,The_Velvet_Underground,1969,http://open.spotify.com/track/030AxdYEncwjWPZGEL2fDa
Life_and_death,Rufus_Is_a_Tit_Man,Loudon_Wainwright_III,1975,http://open.spotify.com/track/7ELRQhh1oVMPQCPUiUqrvH
Life_and_death,Martha,Tom_Waits,1973,http://open.spotify.com/track/2r0SdO3iOO3dmmVUdwzwzD
Life_and_death,You_in_the_Sky,The_Waterboys,2006,
Life_and_death,Frankie_and_Johnny,Mae_West,1928,
Life_and_death,23_Years_Ago,Paul_Westerberg,2004,http://open.spotify.com/track/40C20xZeOnu64jvXMTJ1ZL
Life_and_death,Grandmaâ€™s_Hands,Bill_Withers,1971,http://open.spotify.com/track/1qfDfZAvrkSAFrAR2FTQDv
Life_and_death,My_Death,Scott_Walker,1967,http://open.spotify.com/track/4mL9NVLLrBJz1kmrM2M5qd
Life_and_death,Moon_On_Your_Pyjamas,Paul_Weller,1993,
Life_and_death,Iâ€™m_So_Lonesome_I_Could_Cry,Hank_Williams,1949,http://open.spotify.com/track/3bAWaK1KyeFpww4xK8ztyO
Life_and_death,My_Son_Calls_Another_ManÂ Daddy,Hank_Williams,1950,http://open.spotify.com/track/5wZhj1LcXztboIh3T1VgMw
Life_and_death,Donâ€™t_You_Worry_â€˜Bout_a_Thing,Stevie_Wonder,1973,
Life_and_death,Germ_Free_Adolescents,X-Ray_Spex,1978,http://open.spotify.com/track/0h0TIuu7EHy43Cw3aEETjF
Life_and_death,Neil_Young,Old_Man,1972,http://open.spotify.com/track/2AylP2SrOxus7LieLnzUQG
Life_and_death,Warren_Zevon,Keep_Me_in_Your_Heart,2003,
Party_songs,Pacific_State,808_State,1989,
Party_songs,Dancing_Queen,Abba,1976,http://open.spotify.com/track/2rgqPSIRAfaO2MGo9smdSX
Party_songs,Back_in_Black,AC/DC,1980,
Party_songs,Because_I_Got_High,Afroman,2001,http://open.spotify.com/track/5ztUVSEAJKW6lw4X03ae48
Party_songs,Uptown_Top_Ranking,Althea_and_Donna,1977,http://open.spotify.com/track/34zWZOSpU2V1ab0PiZCcv4
Party_songs,Windowlicker,Aphex_Twin,1999,
Party_songs,I_Bet_You_Look_Good_On_theÂ Dancefloor,Arctic_Monkeys,2005,http://open.spotify.com/track/5U2OpjVE3r64Nm8tyR2T9S
Party_songs,Re-Rewind,The_Artful_Dodger_featuring_Craig_David,1999,http://open.spotify.com/track/0rKbtHLiAeta9tnONNYlAC
Party_songs,Bourgie_Bourgie_,Ashford_and_Simpson,1979,http://open.spotify.com/track/2qwFWKUwT7SqADAWtWEn1s
Party_songs,9pm_(Till_I_Come),ATB,1999,http://open.spotify.com/track/1CgbwsrNDlFrRuk2ebQ7zr
Party_songs,Love_Shack,The_B-52â€™s,1989,http://open.spotify.com/track/0OyTSpN4gGPSIDuGbKzMEu
Party_songs,Yes_Sir__I_Can_Boogie,Baccara,1977,http://open.spotify.com/track/268jT4m5ztrceh5qdzpQ68
Party_songs,(You_Gotta)_Fight_for_Your_Right_(To_Party),Beastie_Boys,1987,http://open.spotify.com/track/47jYDzCytZHNQkCEfs8Dgf
Party_songs,Night_Fever,Bee_Gees,1978,http://open.spotify.com/track/66wpCqkkM6MrxXSbfgmsrh
Party_songs,Tighten_Up,Archie_Bell_and_the_Drells,1968,http://open.spotify.com/track/0qKCm8yeHoRJTpryDDQ9TT
Party_songs,Night,Benga_and_Coki,2007,
Party_songs,Big_Time_Sensuality,BjÃ¶rk,1993,http://open.spotify.com/track/2MaZUlTMFaTWYH7VnQL6rk
Party_songs,Letâ€™s_Start_II_Dance_Again,Hamilton_Bohannon,1981,
Party_songs,Letâ€™s_Dance,David_Bowie,1983,http://open.spotify.com/track/2nIuUXnHHzS3wymUhJdVa8
Party_songs,Self_Control,Laura_Branigan,1984,http://open.spotify.com/track/4bpHayutj5AejSwtEpyvUR
Party_songs,Hang_On_in_There_Baby,Johnny_Bristol,1974,http://open.spotify.com/track/03ZrvcYZGCYpimu6dYdhPY
Party_songs,Land_of_1_000_Dances,Cannibal_and_the_Headhunters,1965,http://open.spotify.com/track/0WRQZg69vaeU0fB2EHGAEw
Party_songs,Love_Will_Keep_Us_Together,Captain_and_Tennille_,1975,http://open.spotify.com/track/10pcZvQ4QTKeHRvTUAeHVD
Party_songs,Flashdance,Irene_Cara,1983,http://open.spotify.com/track/4H1wVutCHT8Pncz6jWjVrg
Party_songs,Cocaine_Blues,Johnny_Cash,1968,http://open.spotify.com/track/6ogJG0epBYDCMb37n8z637
Party_songs,Shake_Your_Tailfeather,Ray_Charles,1980,
Party_songs,Le_Freak,Chic,1978,http://open.spotify.com/track/4HHQNuSudz9yv7piGFMchm
Party_songs,Weekend,Class_Action,1981,
Party_songs,Machine_Gun,Commodores,1974,http://open.spotify.com/track/2INLSpeJq53F0HtnNHV3Ad
Party_songs,Sweet_Soul_Music,Arthur_Conley,1967,http://open.spotify.com/track/0pvA063uNyGQFp7DNtmk0P
Party_songs,Brimful_of_Asha,Cornershop,1997,http://open.spotify.com/track/3Zh5cecN8TqelTN30SJUww
Party_songs,Drug_Train,The_Cramps,1980,http://open.spotify.com/track/4a61QVxWahKxq40GtkcS3x
Party_songs,Somebody_Oughta_Turn_YourÂ Head_Around,Crystal_Mansion,1972,
Party_songs,Da_Funk,Daft_Punk,1995,http://open.spotify.com/track/0MyY4WcN7DIfbSmp5yej5z
Party_songs,Gabriel,Roy_Davis_Jr,1998,
Party_songs,Groove_Is_in_the_Heart,Deee-Lite,1990,http://open.spotify.com/track/2UVLuddklEVak5PXgC7baA
Party_songs,Just_Canâ€™t_Get_Enough,Depeche_Mode,1981,http://open.spotify.com/track/4DAEaxpxKJy0Hq5mAiEnOO
Party_songs,Whip_It,Devo,1980,http://open.spotify.com/track/6QG0wcgoCsa9pqFyTg0rRO
NA,,,NA,
Party_songs,Soul_Makossa,Manu_Dibango,1972,http://open.spotify.com/track/4JaOd0NUBTckYFZMguuY7M
Party_songs,Cokane_in_My_Brain,Dillinger,1976,http://open.spotify.com/track/4qhRH8f3Du6ooDZFaKou45
Party_songs,Long_Train_Runninâ€™,Doobie_Brothers,1973,http://open.spotify.com/track/6DwWChkbqCyv1wwflMkLRZ
Party_songs,Hit_Me_With_Your_RhythmÂ Stick,Ian_Dury_and_the_Blockheads,1978,
Party_songs,Boogie_Wonderland,Earth__Wind_and_Fire,1979,http://open.spotify.com/track/0jyElqUm59deyol951jPsr
Party_songs,Talking_With_Myself,Electribe_101,1988,http://open.spotify.com/track/3f51nzhw9mL1iUUYehPYCg
Party_songs,Livinâ€™_Thing,Electric_Light_Orchestra,1976,http://open.spotify.com/track/7l6rfNKHyD8MsXkJztfzFi
Party_songs,The_Clapping_Song,Shirley_Ellis,1965,
Party_songs,Be_Faithful,Fatman_Scoop_featuring_the_Crooklyn_Clan,1999,
NA,,,NA,
Party_songs,Doctor_Love,First_Choice,1977,
Party_songs,The_Gnu,Flanders_and_Swann,1959,http://open.spotify.com/track/52HRCPyzVqut2PK1IglGje
Party_songs,Think_About_It_(What_Is_Wrong_With_the_World_Today),Flight_of_the_Conchords,2008,http://open.spotify.com/track/2X9FjhzcAdujUqalXXXD27
Party_songs,One_Nation_Under_a_Groove,Funkadelic,1978,
Party_songs,Biology,Girls_Aloud,2005,http://open.spotify.com/track/5gVFOj7whQCfMoXNXePOIt
Party_songs,Dare,Gorillaz,2005,http://open.spotify.com/track/4Hff1IjRbLGeLgFgxvHflk
Party_songs,All_I_Want_for_Christmas_Is_a_Dukla_Prague_Away_Kit,Half_Man_Half_Biscuit,1986,
Party_songs,Rokit,Herbie_Hancock,1983,
Party_songs,WFL_(Think_About_the_Future)_,Happy_Mondays,1989,http://open.spotify.com/track/3xI5fXGrMMvn8EZIdYxW56
Party_songs,Back_to_My_Roots,Richie_Havens,1981,http://open.spotify.com/track/6PFsub5iIJwrBb8qBRqmiV
Party_songs,Over_and_Over,Hot_Chip,2006,http://open.spotify.com/track/6m5D7zGVbzAxceDXQTsRSX
Party_songs,Jump_Around,House_of_Pain,1992,http://open.spotify.com/track/2oTDOIAdsxPTE7yAp4YOcv
Party_songs,Last_Night_a_DJ_Saved_My_Life,Indeep,1982,
Party_songs,Donâ€™t_Stop_â€™Til_You_Get_Enough,Michael_Jackson,1979,http://open.spotify.com/track/5NWKkTdkHSZalDaorymVHQ
Party_songs,Off_the_Wall,Michael_Jackson,1979,http://open.spotify.com/track/2qfiBST2NqT6PXnwaW9Gbn
Party_songs,I_Love_Rockâ€™nâ€™Roll,Joan_Jett_and_the_Blackhearts,1982,
Party_songs,Nightclubbing,Grace_Jones,1981,http://open.spotify.com/track/26aTdkjT06bukXYdJRuhtN
Party_songs,Williams_Blood_(Aeroplane_remix),Grace_Jones,2008,
Party_songs,Cocktails_for_Two,Spike_Jones_and_His_City_Slickers,1944,http://open.spotify.com/track/3JmwSgu1vxYXdblOJMXUQz
Party_songs,Transmission,Joy_Division,1979,http://open.spotify.com/track/69aXQyUnUC0BWgATlSWNB2
Party_songs,We_Are_Your_Friends,Justice_v_Simian,2002,http://open.spotify.com/track/2iJDCXpFPwxgFO6MBozHmb
Party_songs,Silly_Games_,Janet_Kay,1979,http://open.spotify.com/track/4sBBSqBIG5gnlx95QQj4XH
Party_songs,Louie_Louie,The_Kingsmen,1963,http://open.spotify.com/track/3VctpyG5B5Y6dbTep9NmOP
Party_songs,Golden_Skans,Klaxons,2007,http://open.spotify.com/track/0RG6G9tAMdFRASUf31TRxr
Party_songs,My_Sharona,The_Knack,1979,http://open.spotify.com/track/1FTnBp64Iy26qERGibjknm
Party_songs,Numbers/Computer_World_2,Kraftwerk,1981,http://open.spotify.com/track/3WgqXxHygR2HMVDjwhy3rS
Party_songs,Upside_Down,Fela_Kuti,1976,http://open.spotify.com/track/0dle66YE2om3mCgTguJLOK
Party_songs,Jimmy_Jimmy_Aaja,Bappi_Lahiri/Parvati_Khan,1982,http://open.spotify.com/track/4I0v1IDuMR868pgT7y5PPM
Party_songs,Girls_Just_Want_to_Have_Fun,Cyndi_Lauper,1983,http://open.spotify.com/track/7sMGwiS4vOMcz86ZY3vKYM
Party_songs,Pow!_(Forward),Lethal_Bizzle,2004,http://open.spotify.com/track/37uFAVNwaRF7XUdByyJyNN
Party_songs,LFO,LFO,1990,
Party_songs,Canâ€™t_Stand_Me_Now,The_Libertines,2004,http://open.spotify.com/track/2cY5MaSgqNXLSkjGb5iRl1
Party_songs,Is_It_All_Over_My_Face,Loose_Joints,1980,
Party_songs,Love_Loves_to_Love_Love,Lulu,1967,http://open.spotify.com/track/185Uc0jhEnHBZW1KYN9YCk
Party_songs,Pop_Muzik,M,1979,http://open.spotify.com/track/0SHbehTzk01RfLDVAVaCtA
Party_songs,Cross_the_Tracks_(We_Better_Go_Back),Maceo_and_the_Macks,1975,http://open.spotify.com/track/6n87nzWTGpNr26NbkNQoVv
Party_songs,There_But_for_the_Grace_of_God,Machine,1979,
Party_songs,Beautiful_Stranger,Madonna,1999,http://open.spotify.com/track/0FEVHpFTuSJUY59YQjZm2G
Party_songs,Everybody,Madonna,1982,http://open.spotify.com/track/3i6PtDe9qmRDBEdSSpouBB
Party_songs,Holiday,Madonna,1983,http://open.spotify.com/track/2T8cZAwbhrTVjGwZo5c7sK
Party_songs,Rock_Your_Baby,George_McCrae,1974,http://open.spotify.com/track/1lmfsSEuxU4PpT739Kihno
Party_songs,Buffalo_Gals,Malcolm_McLaren,1983,http://open.spotify.com/track/4gCo2r1gCEw70OAq9cF1uW
Party_songs,Move_On_Up,Curtis_Mayfield,1970,http://open.spotify.com/track/6evohxlACvIJ6vAs1083NQ
Party_songs,White_Lines_(Donâ€™t_Do_It),Grandmaster_Melle_Mel,1983,
Party_songs,Kids,MGMT,2008,http://open.spotify.com/track/2IAcYOEnZWTn3yR6LDslRY
Party_songs,Paper_Planes_(DFA_remix),MIA,2008,http://open.spotify.com/track/2UZ6MDDg3y5fTAzQU3YYfo
Party_songs,4_My_People,Missy_Elliott,2001,http://open.spotify.com/track/2er94TdlKpJSMZSc8qha09
Party_songs,Bedazzled,Dudley_Moore_and_Peter_Cook,1967,
Party_songs,Hot_in_Herre,Nelly,2002,http://open.spotify.com/track/652F9V2xyoY43Pj8urZ4zM
Party_songs,True_Faith,New_Order,1987,http://open.spotify.com/track/1n8WaWEUZx3GeknGwh02DC
Party_songs,Short_People,Randy_Newman,1977,http://open.spotify.com/track/6emIUUgOV0lPgUYbJ1RZ7I
Party_songs,Iâ€™m_in_the_Mood_for_Dancing,The_Nolans,1979,http://open.spotify.com/track/5ZfCBpUOj3guBzjQIsDhIr
Party_songs,Cigarettes_and_Alcohol,Oasis,1994,
Party_songs,Got_Your_Money,Olâ€™_Dirty_Bastard,1999,
Party_songs,Hey_Ya!,OutKast,2003,http://open.spotify.com/track/4QhYssD3qdSGd5yqW0h7cI
Party_songs,Acid_Tracks,Phuture,1987,
Party_songs,Papaâ€™s_Got_a_Brand_New_Pigbag,Pigbag,1981,http://open.spotify.com/track/1t1kkvAe1iP5Xa6vCv3j9Z
Party_songs,Stop_Bajon_(Primavera),Tullio_De_Piscopo,1984,http://open.spotify.com/track/1JcmMYyRAbj00Q90oHBsBr
Party_songs,Witness_the_Pitness,Pitman,2002,
Party_songs,Streams_of_Whiskey,The_Pogues,1984,http://open.spotify.com/track/4ftQUqPjuk4KtAIHqqYzmN
Party_songs,Jump_(For_My_Love),The_Pointer_Sisters,1984,http://open.spotify.com/track/59K6GctkD8lWljFYa8eE6D
Party_songs,Brass_in_Pocket,The_Pretenders,1979,http://open.spotify.com/track/3LRFgPsd8LwJb8TJchrAuO
Party_songs,Loaded,Primal_Scream,1991,http://open.spotify.com/track/5uWCPq3jVOuiun7Uku3wiU
Party_songs,1999,Prince,1983,http://open.spotify.com/track/4CEKJRYtYDp0GPzw9JGZYX
Party_songs,Letâ€™s_Go_Crazy,Prince,1984,http://open.spotify.com/track/7050AA1cNN8s3482pgx2bO
Party_songs,Out_of_Space,The_Prodigy,1992,http://open.spotify.com/track/6XlhmDYOFPSWho2gib2F9z
Party_songs,Hit_the_Bongo,Tito_Puente,1968,
Party_songs,Sorted_for_Es_and_Wizz,Pulp,1995,http://open.spotify.com/track/6DEakx9CewGzF3u9UEyJvD
Party_songs,Now_Iâ€™m_Here,Queen,1974,http://open.spotify.com/track/0s0i59YQo6TBJXEvxkoIfU
Party_songs,Feel_Good_Hit_of_the_Summer,Queens_of_the_Stone_Age,2000,http://open.spotify.com/track/48l5x5ghGRhz10rbuKrI0n
Party_songs,House_of_Jealous_Lovers,The_Rapture,2002,http://open.spotify.com/track/7lsMHdLHRRkGElzVPn91ZW
Party_songs,All_Night_Long_(All_Night),Lionel_Richie,1983,http://open.spotify.com/track/7HcIV2tSBj8O8RtGed2ViS
Party_songs,Someday,Ce_Ce_Rogers,1987,
Party_songs,Witness_(1_Hope),Roots_Manuva,2001,http://open.spotify.com/track/1qNpcgSkAWWbIBDDkwkqH1
Party_songs,Virginia_Plain,Roxy_Music,1972,http://open.spotify.com/track/6b4wMiPcl21hL8owVgIshi
Party_songs,Car_Wash,Rose_Royce,1976,http://open.spotify.com/track/1tJtx09XQnxaynZLOaTNfZ
Party_songs,Once_You_Get_Started,Rufus_featuring_Chaka_Khan,1974,http://open.spotify.com/track/5jAhlLUmtIBRTzM3f1Im6r
Party_songs,Baby_Letâ€™s_Dance_Together,Sapan_Chakraborty,1978,
Party_songs,Runaway,Salsoul_Orchestra,1977,
Party_songs,The_Bottle,Gil_Scott-Heron,1974,http://open.spotify.com/track/4lgCSMpVERwvfa9A8tDXJQ
Party_songs,Happy,Max_Sedgley,2003,http://open.spotify.com/track/4hIwQWVYQ3SMSjkVXrMJKv
Party_songs,On_My_Radio,Selector,1979,http://open.spotify.com/track/3Qmtadha85zkLH1H9EGi3u
Party_songs,Let_the_Music_Play,Shannon,1983,http://open.spotify.com/track/5RgGHpa9S3txqJTxyRChx4
Party_songs,Begin_the_Beguine,Artie_Shaw,1938,http://open.spotify.com/track/7zZoN83WXRCiVCyzdCFihV
Party_songs,Dat,Pluto_Shervington,1976,
Party_songs,Gin_House_Blues,Nina_Simone,1975,http://open.spotify.com/track/0aGprKPHGtQyQZ9RCQ9mNI
Party_songs,Lost_in_Music,Sister_Sledge,1979,http://open.spotify.com/track/3FnkIp37lBYvHljKemR6zp
Party_songs,Heâ€™s_the_Greatest_Dancer,Sister_Sledge,1979,http://open.spotify.com/track/5MuNxNox3zTanAFIO5KcTl
Party_songs,I_Wish,Skee-Lo,1995,
Party_songs,Dance_to_the_Music,Sly_and_the_Family_Stone,1968,http://open.spotify.com/track/6W9t1lhkATr4XrnXXgL2CV
Party_songs,Nite_Klub,The_Specials,1979,http://open.spotify.com/track/2wpQZvvrg6zUBPPBdWgcLK
Party_songs,You_Make_Me_Feel_(Mighty_Real),Sylvester,1978,http://open.spotify.com/track/0DY0B9PkxKFVs0YagNcAC4
Party_songs,(Under_Mi)_Sleng_Teng,Wayne_Smith,1985,http://open.spotify.com/track/3l9oTzHXnAJcg4x2jU6DvX
Party_songs,How_Soon_Is_Now?,The_Smiths,1985,
Party_songs,Memorabilia,Soft_Cell,1982,http://open.spotify.com/track/6nePlBdKTESydzjOEHt6vX
Party_songs,Beat_the_Clock,Sparks,1979,
Party_songs,Iâ€™m_a_Man,The_Spencer_Davis_Group,1967,http://open.spotify.com/track/7vRhkN9rpM0FtDhBdZypn4
Party_songs,Young_Hearts_Run_Free,Candi_Staton,1976,http://open.spotify.com/track/3MFa9idQuY4iJLWsZl3tIQ
Party_songs,SueÃ±o_Latino,SueÃ±o_Latino,1989,
Party_songs,Saturday_Nite_Special,The_Sundown_Playboys,1972,
Party_songs,Wipe_Out,The_Surfaris,1962,http://open.spotify.com/track/6uudeEvl6t5WrFgobojt3D
Party_songs,Rapperâ€™s_Delight,The_Sugarhill_Gang,1979,http://open.spotify.com/track/1qb27ZTsi0gVxHteAjPOyD
Party_songs,Do_What_You_Wanna_Do,T-Connection,1977,http://open.spotify.com/track/5PzK3L2Lm4mbo0H89CAWzg
Party_songs,Shout,Tears_for_Fears,1984,http://open.spotify.com/track/4E1n2cvH7Wb7xZ568rHHNy
Party_songs,Cloud_Nine,The_Temptations,1968,http://open.spotify.com/track/5yGqsTtt4oDRY1FdVsVqSL
Party_songs,Great_DJ,The_Ting_Tings,2008,http://open.spotify.com/track/3kmSzP8JUM4kUwPWbOFwqA
Party_songs,Disco_Inferno,The_Trammps,1976,http://open.spotify.com/track/5jUA1njy3h6ynHLvPdEVHt
Party_songs,A_Punk,Vampire_Weekend,2008,http://open.spotify.com/track/0euZeG7kpPhtp4V6e8b9kC
Party_songs,Me_and_Baby_Brother,War,1973,http://open.spotify.com/track/28q8PaM3ROCZMKeNRBg5Yq
Party_songs,Break_Dance_â€“_Electric_Boogie,West_Street_Mob,1983,
NA,,,NA,
Party_songs,My_Generation,The_Who,1965,http://open.spotify.com/track/4kxrawSkeAoJiASQArwqYO
Party_songs,Last_Night_Changed_It_All,Esther_Williams,1976,http://open.spotify.com/track/6zMgWeJracgip80YQZsIj2
Party_songs,(Your_Love_Keeps_Lifting_Me)_Higher_and_Higher,Jackie_Wilson,1967,
Party_songs,Turn_Off_the_Lights,Larry_Young,1975,http://open.spotify.com/track/2kXBmTMIDIlNSQEeaQl95A
